County;Year;Pop;PercentChng_1960;Source
Alameda County;1,960;908,209;1;Census
Alameda County;1,961;933,900;1.028;DOF_E6
Alameda County;1,962;956,000;1.053;DOF_E6
Alameda County;1,963;978,200;1.077;DOF_E6
Alameda County;1,964;1,000,300;1.101;DOF_E6
Alameda County;1,965;1,018,000;1.121;DOF_E6
Alameda County;1,966;1,037,500;1.142;DOF_E6
Alameda County;1,967;1,049,900;1.156;DOF_E6
Alameda County;1,968;1,059,600;1.167;DOF_E6
Alameda County;1,969;1,070,500;1.179;DOF_E6
Alameda County;1,970;1,071,446;1.18;Census
Alameda County;1,971;1,082,330;1.192;DOF_E4
Alameda County;1,972;1,093,880;1.204;DOF_E4
Alameda County;1,973;1,094,600;1.205;DOF_E4
Alameda County;1,974;1,097,670;1.209;DOF_E4
Alameda County;1,975;1,102,810;1.214;DOF_E4
Alameda County;1,976;1,107,350;1.219;DOF_E4
Alameda County;1,977;1,106,020;1.218;DOF_E4
Alameda County;1,978;1,109,850;1.222;DOF_E4
Alameda County;1,979;1,104,250;1.216;DOF_E4
Alameda County;1,980;1,105,379;1.217;Census
Alameda County;1,981;1,117,700;1.231;DOF_E4
Alameda County;1,982;1,134,030;1.249;DOF_E4
Alameda County;1,983;1,151,690;1.268;DOF_E4
Alameda County;1,984;1,170,400;1.289;DOF_E4
Alameda County;1,985;1,185,540;1.305;DOF_E4
Alameda County;1,986;1,206,850;1.329;DOF_E4
Alameda County;1,987;1,220,650;1.344;DOF_E4
Alameda County;1,988;1,242,380;1.368;DOF_E4
Alameda County;1,989;1,261,175;1.389;DOF_E4
Alameda County;1,990;1,276,702;1.406;Census
Alameda County;1,991;1,284,782;1.415;DOF_E8
Alameda County;1,992;1,302,709;1.434;DOF_E8
Alameda County;1,993;1,318,127;1.451;DOF_E8
Alameda County;1,994;1,327,526;1.462;DOF_E8
Alameda County;1,995;1,333,031;1.468;DOF_E8
Alameda County;1,996;1,340,509;1.476;DOF_E8
Alameda County;1,997;1,361,330;1.499;DOF_E8
Alameda County;1,998;1,389,000;1.529;DOF_E8
Alameda County;1,999;1,412,315;1.555;DOF_E8
Alameda County;2,000;1,443,939;1.59;Census
Alameda County;2,001;1,457,185;1.604;DOF_E8
Alameda County;2,002;1,467,063;1.615;DOF_E8
Alameda County;2,003;1,467,892;1.616;DOF_E8
Alameda County;2,004;1,466,407;1.615;DOF_E8
Alameda County;2,005;1,462,736;1.611;DOF_E8
Alameda County;2,006;1,462,371;1.61;DOF_E8
Alameda County;2,007;1,470,622;1.619;DOF_E8
Alameda County;2,008;1,484,085;1.634;DOF_E8
Alameda County;2,009;1,497,799;1.649;DOF_E8
Alameda County;2,010;1,510,271;1.663;Census
Alameda County;2,011;1,525,761;1.68;DOF_E5
Alameda County;2,012;1,545,917;1.702;DOF_E5
Alameda County;2,013;1,569,989;1.729;DOF_E5
Alameda County;2,014;1,590,729;1.752;DOF_E5
Alameda County;2,015;1,613,319;1.776;DOF_E5
Alameda County;2,016;1,631,230;1.796;DOF_E5
Alameda County;2,017;1,644,303;1.81;DOF_E5
Alameda County;2,018;1,651,760;1.819;DOF_E5
Alameda County;2,019;1,659,608;1.827;DOF_E5
Alameda County;2,020;1,663,114;1.831;DOF_E5
Alameda County;2,021;1,656,591;1.824;DOF_E5
Contra Costa County;1,960;409,030;1;Census
Contra Costa County;1,961;425,200;1.04;DOF_E6
Contra Costa County;1,962;439,400;1.074;DOF_E6
Contra Costa County;1,963;457,700;1.119;DOF_E6
Contra Costa County;1,964;473,200;1.157;DOF_E6
Contra Costa County;1,965;491,900;1.203;DOF_E6
Contra Costa County;1,966;510,500;1.248;DOF_E6
Contra Costa County;1,967;529,200;1.294;DOF_E6
Contra Costa County;1,968;538,800;1.317;DOF_E6
Contra Costa County;1,969;549,600;1.344;DOF_E6
Contra Costa County;1,970;556,116;1.36;Census
Contra Costa County;1,971;562,770;1.376;DOF_E4
Contra Costa County;1,972;569,980;1.393;DOF_E4
Contra Costa County;1,973;574,400;1.404;DOF_E4
Contra Costa County;1,974;578,050;1.413;DOF_E4
Contra Costa County;1,975;583,370;1.426;DOF_E4
Contra Costa County;1,976;594,450;1.453;DOF_E4
Contra Costa County;1,977;610,230;1.492;DOF_E4
Contra Costa County;1,978;625,340;1.529;DOF_E4
Contra Costa County;1,979;638,170;1.56;DOF_E4
Contra Costa County;1,980;656,331;1.605;Census
Contra Costa County;1,981;662,850;1.621;DOF_E4
Contra Costa County;1,982;672,855;1.645;DOF_E4
Contra Costa County;1,983;684,230;1.673;DOF_E4
Contra Costa County;1,984;694,215;1.697;DOF_E4
Contra Costa County;1,985;704,655;1.723;DOF_E4
Contra Costa County;1,986;718,540;1.757;DOF_E4
Contra Costa County;1,987;733,400;1.793;DOF_E4
Contra Costa County;1,988;750,900;1.836;DOF_E4
Contra Costa County;1,989;772,800;1.889;DOF_E4
Contra Costa County;1,990;803,732;1.965;Census
Contra Costa County;1,991;814,985;1.992;DOF_E8
Contra Costa County;1,992;832,229;2.035;DOF_E8
Contra Costa County;1,993;848,587;2.075;DOF_E8
Contra Costa County;1,994;860,963;2.105;DOF_E8
Contra Costa County;1,995;869,176;2.125;DOF_E8
Contra Costa County;1,996;878,070;2.147;DOF_E8
Contra Costa County;1,997;892,630;2.182;DOF_E8
Contra Costa County;1,998;910,831;2.227;DOF_E8
Contra Costa County;1,999;928,482;2.27;DOF_E8
Contra Costa County;2,000;948,816;2.32;Census
Contra Costa County;2,001;962,076;2.352;DOF_E8
Contra Costa County;2,002;974,657;2.383;DOF_E8
Contra Costa County;2,003;984,256;2.406;DOF_E8
Contra Costa County;2,004;993,958;2.43;DOF_E8
Contra Costa County;2,005;1,001,216;2.448;DOF_E8
Contra Costa County;2,006;1,007,169;2.462;DOF_E8
Contra Costa County;2,007;1,015,672;2.483;DOF_E8
Contra Costa County;2,008;1,027,264;2.511;DOF_E8
Contra Costa County;2,009;1,038,390;2.539;DOF_E8
Contra Costa County;2,010;1,049,025;2.565;Census
Contra Costa County;2,011;1,060,420;2.593;DOF_E5
Contra Costa County;2,012;1,072,470;2.622;DOF_E5
Contra Costa County;2,013;1,086,069;2.655;DOF_E5
Contra Costa County;2,014;1,098,959;2.687;DOF_E5
Contra Costa County;2,015;1,113,221;2.722;DOF_E5
Contra Costa County;2,016;1,127,634;2.757;DOF_E5
Contra Costa County;2,017;1,137,577;2.781;DOF_E5
Contra Costa County;2,018;1,143,188;2.795;DOF_E5
Contra Costa County;2,019;1,147,623;2.806;DOF_E5
Contra Costa County;2,020;1,149,853;2.811;DOF_E5
Contra Costa County;2,021;1,153,854;2.821;DOF_E5
Marin County;1,960;146,820;1;Census
Marin County;1,961;154,300;1.051;DOF_E6
Marin County;1,962;162,100;1.104;DOF_E6
Marin County;1,963;170,900;1.164;DOF_E6
Marin County;1,964;177,400;1.208;DOF_E6
Marin County;1,965;184,000;1.253;DOF_E6
Marin County;1,966;191,600;1.305;DOF_E6
Marin County;1,967;198,500;1.352;DOF_E6
Marin County;1,968;202,900;1.382;DOF_E6
Marin County;1,969;207,600;1.414;DOF_E6
Marin County;1,970;208,652;1.421;Census
Marin County;1,971;208,910;1.423;DOF_E4
Marin County;1,972;212,595;1.448;DOF_E4
Marin County;1,973;214,420;1.46;DOF_E4
Marin County;1,974;214,390;1.46;DOF_E4
Marin County;1,975;216,985;1.478;DOF_E4
Marin County;1,976;220,330;1.501;DOF_E4
Marin County;1,977;222,660;1.517;DOF_E4
Marin County;1,978;223,680;1.523;DOF_E4
Marin County;1,979;223,410;1.522;DOF_E4
Marin County;1,980;222,592;1.516;Census
Marin County;1,981;222,880;1.518;DOF_E4
Marin County;1,982;222,905;1.518;DOF_E4
Marin County;1,983;222,490;1.515;DOF_E4
Marin County;1,984;222,390;1.515;DOF_E4
Marin County;1,985;220,545;1.502;DOF_E4
Marin County;1,986;220,780;1.504;DOF_E4
Marin County;1,987;221,655;1.51;DOF_E4
Marin County;1,988;222,085;1.513;DOF_E4
Marin County;1,989;224,445;1.529;DOF_E4
Marin County;1,990;230,096;1.567;Census
Marin County;1,991;231,492;1.577;DOF_E8
Marin County;1,992;234,380;1.596;DOF_E8
Marin County;1,993;236,340;1.61;DOF_E8
Marin County;1,994;237,352;1.617;DOF_E8
Marin County;1,995;238,053;1.621;DOF_E8
Marin County;1,996;238,149;1.622;DOF_E8
Marin County;1,997;239,616;1.632;DOF_E8
Marin County;1,998;241,975;1.648;DOF_E8
Marin County;1,999;243,767;1.66;DOF_E8
Marin County;2,000;247,289;1.684;Census
Marin County;2,001;247,590;1.686;DOF_E8
Marin County;2,002;247,567;1.686;DOF_E8
Marin County;2,003;247,342;1.685;DOF_E8
Marin County;2,004;246,990;1.682;DOF_E8
Marin County;2,005;246,688;1.68;DOF_E8
Marin County;2,006;246,969;1.682;DOF_E8
Marin County;2,007;248,025;1.689;DOF_E8
Marin County;2,008;249,546;1.7;DOF_E8
Marin County;2,009;250,760;1.708;DOF_E8
Marin County;2,010;252,409;1.719;Census
Marin County;2,011;254,069;1.73;DOF_E5
Marin County;2,012;256,662;1.748;DOF_E5
Marin County;2,013;258,133;1.758;DOF_E5
Marin County;2,014;261,001;1.778;DOF_E5
Marin County;2,015;262,711;1.789;DOF_E5
Marin County;2,016;263,130;1.792;DOF_E5
Marin County;2,017;262,695;1.789;DOF_E5
Marin County;2,018;262,179;1.786;DOF_E5
Marin County;2,019;261,478;1.781;DOF_E5
Marin County;2,020;260,388;1.774;DOF_E5
Marin County;2,021;257,774;1.756;DOF_E5
Napa County;1,960;65,890;1;Census
Napa County;1,961;67,300;1.021;DOF_E6
Napa County;1,962;68,600;1.041;DOF_E6
Napa County;1,963;70,500;1.07;DOF_E6
Napa County;1,964;71,300;1.082;DOF_E6
Napa County;1,965;72,400;1.099;DOF_E6
Napa County;1,966;73,100;1.109;DOF_E6
Napa County;1,967;75,100;1.14;DOF_E6
Napa County;1,968;76,100;1.155;DOF_E6
Napa County;1,969;77,900;1.182;DOF_E6
Napa County;1,970;79,140;1.201;Census
Napa County;1,971;80,470;1.221;DOF_E4
Napa County;1,972;82,690;1.255;DOF_E4
Napa County;1,973;85,080;1.291;DOF_E4
Napa County;1,974;87,560;1.329;DOF_E4
Napa County;1,975;89,800;1.363;DOF_E4
Napa County;1,976;91,830;1.394;DOF_E4
Napa County;1,977;94,120;1.428;DOF_E4
Napa County;1,978;96,280;1.461;DOF_E4
Napa County;1,979;98,100;1.489;DOF_E4
Napa County;1,980;99,199;1.506;Census
Napa County;1,981;99,650;1.512;DOF_E4
Napa County;1,982;100,560;1.526;DOF_E4
Napa County;1,983;101,355;1.538;DOF_E4
Napa County;1,984;101,850;1.546;DOF_E4
Napa County;1,985;102,470;1.555;DOF_E4
Napa County;1,986;103,535;1.571;DOF_E4
Napa County;1,987;104,570;1.587;DOF_E4
Napa County;1,988;105,510;1.601;DOF_E4
Napa County;1,989;107,170;1.626;DOF_E4
Napa County;1,990;110,765;1.681;Census
Napa County;1,991;111,747;1.696;DOF_E8
Napa County;1,992;113,457;1.722;DOF_E8
Napa County;1,993;115,079;1.747;DOF_E8
Napa County;1,994;116,039;1.761;DOF_E8
Napa County;1,995;116,817;1.773;DOF_E8
Napa County;1,996;117,739;1.787;DOF_E8
Napa County;1,997;119,130;1.808;DOF_E8
Napa County;1,998;120,545;1.829;DOF_E8
Napa County;1,999;121,913;1.85;DOF_E8
Napa County;2,000;124,279;1.886;Census
Napa County;2,001;125,396;1.903;DOF_E8
Napa County;2,002;127,064;1.928;DOF_E8
Napa County;2,003;128,683;1.953;DOF_E8
Napa County;2,004;129,814;1.97;DOF_E8
Napa County;2,005;130,472;1.98;DOF_E8
Napa County;2,006;131,330;1.993;DOF_E8
Napa County;2,007;132,537;2.011;DOF_E8
Napa County;2,008;133,969;2.033;DOF_E8
Napa County;2,009;135,225;2.052;DOF_E8
Napa County;2,010;136,484;2.071;Census
Napa County;2,011;136,893;2.078;DOF_E5
Napa County;2,012;138,374;2.1;DOF_E5
Napa County;2,013;139,005;2.11;DOF_E5
Napa County;2,014;140,382;2.131;DOF_E5
Napa County;2,015;140,993;2.14;DOF_E5
Napa County;2,016;141,530;2.148;DOF_E5
Napa County;2,017;141,320;2.145;DOF_E5
Napa County;2,018;140,340;2.13;DOF_E5
Napa County;2,019;139,608;2.119;DOF_E5
Napa County;2,020;139,000;2.11;DOF_E5
Napa County;2,021;137,637;2.089;DOF_E5
San Francisco County;1,960;740,316;1;Census
San Francisco County;1,961;747,200;1.009;DOF_E6
San Francisco County;1,962;752,800;1.017;DOF_E6
San Francisco County;1,963;748,900;1.012;DOF_E6
San Francisco County;1,964;753,000;1.017;DOF_E6
San Francisco County;1,965;739,800;0.999;DOF_E6
San Francisco County;1,966;733,800;0.991;DOF_E6
San Francisco County;1,967;732,300;0.989;DOF_E6
San Francisco County;1,968;728,000;0.983;DOF_E6
San Francisco County;1,969;719,900;0.972;DOF_E6
San Francisco County;1,970;715,674;0.967;Census
San Francisco County;1,971;712,800;0.963;DOF_E4
San Francisco County;1,972;709,300;0.958;DOF_E4
San Francisco County;1,973;705,300;0.953;DOF_E4
San Francisco County;1,974;702,200;0.949;DOF_E4
San Francisco County;1,975;697,100;0.942;DOF_E4
San Francisco County;1,976;691,300;0.934;DOF_E4
San Francisco County;1,977;686,700;0.928;DOF_E4
San Francisco County;1,978;683,000;0.923;DOF_E4
San Francisco County;1,979;680,100;0.919;DOF_E4
San Francisco County;1,980;678,974;0.917;Census
San Francisco County;1,981;684,000;0.924;DOF_E4
San Francisco County;1,982;691,200;0.934;DOF_E4
San Francisco County;1,983;699,800;0.945;DOF_E4
San Francisco County;1,984;708,700;0.957;DOF_E4
San Francisco County;1,985;720,400;0.973;DOF_E4
San Francisco County;1,986;732,900;0.99;DOF_E4
San Francisco County;1,987;736,700;0.995;DOF_E4
San Francisco County;1,988;733,300;0.991;DOF_E4
San Francisco County;1,989;727,500;0.983;DOF_E4
San Francisco County;1,990;723,959;0.978;Census
San Francisco County;1,991;724,593;0.979;DOF_E8
San Francisco County;1,992;728,487;0.984;DOF_E8
San Francisco County;1,993;736,629;0.995;DOF_E8
San Francisco County;1,994;742,795;1.003;DOF_E8
San Francisco County;1,995;741,615;1.002;DOF_E8
San Francisco County;1,996;741,971;1.002;DOF_E8
San Francisco County;1,997;746,762;1.009;DOF_E8
San Francisco County;1,998;753,810;1.018;DOF_E8
San Francisco County;1,999;762,359;1.03;DOF_E8
San Francisco County;2,000;776,733;1.049;Census
San Francisco County;2,001;780,614;1.054;DOF_E8
San Francisco County;2,002;782,765;1.057;DOF_E8
San Francisco County;2,003;782,599;1.057;DOF_E8
San Francisco County;2,004;781,308;1.055;DOF_E8
San Francisco County;2,005;780,187;1.054;DOF_E8
Solano County;1,971;176,075;1.308;DOF_E4
San Francisco County;2,006;781,295;1.055;DOF_E8
San Francisco County;2,007;787,127;1.063;DOF_E8
San Francisco County;2,008;795,002;1.074;DOF_E8
San Francisco County;2,009;800,239;1.081;DOF_E8
San Francisco County;2,010;805,235;1.088;Census
San Francisco County;2,011;816,975;1.104;DOF_E5
San Francisco County;2,012;829,289;1.12;DOF_E5
San Francisco County;2,013;844,169;1.14;DOF_E5
San Francisco County;2,014;852,948;1.152;DOF_E5
San Francisco County;2,015;863,450;1.166;DOF_E5
San Francisco County;2,016;871,613;1.177;DOF_E5
San Francisco County;2,017;878,697;1.187;DOF_E5
San Francisco County;2,018;885,716;1.196;DOF_E5
San Francisco County;2,019;886,885;1.198;DOF_E5
San Francisco County;2,020;889,783;1.202;DOF_E5
San Francisco County;2,021;875,010;1.182;DOF_E5
San Mateo County;1,960;444,387;1;Census
San Mateo County;1,961;464,300;1.045;DOF_E6
San Mateo County;1,962;479,900;1.08;DOF_E6
San Mateo County;1,963;489,700;1.102;DOF_E6
San Mateo County;1,964;503,100;1.132;DOF_E6
San Mateo County;1,965;514,000;1.157;DOF_E6
San Mateo County;1,966;525,700;1.183;DOF_E6
San Mateo County;1,967;540,000;1.215;DOF_E6
San Mateo County;1,968;552,900;1.244;DOF_E6
San Mateo County;1,969;557,100;1.254;DOF_E6
San Mateo County;1,970;557,361;1.254;Census
San Mateo County;1,971;558,845;1.258;DOF_E4
San Mateo County;1,972;561,245;1.263;DOF_E4
San Mateo County;1,973;564,565;1.27;DOF_E4
San Mateo County;1,974;570,520;1.284;DOF_E4
San Mateo County;1,975;578,165;1.301;DOF_E4
San Mateo County;1,976;580,945;1.307;DOF_E4
San Mateo County;1,977;581,460;1.308;DOF_E4
San Mateo County;1,978;583,050;1.312;DOF_E4
San Mateo County;1,979;584,310;1.315;DOF_E4
San Mateo County;1,980;587,329;1.322;Census
San Mateo County;1,981;589,715;1.327;DOF_E4
San Mateo County;1,982;592,770;1.334;DOF_E4
San Mateo County;1,983;599,610;1.349;DOF_E4
San Mateo County;1,984;607,935;1.368;DOF_E4
San Mateo County;1,985;614,410;1.383;DOF_E4
San Mateo County;1,986;618,530;1.392;DOF_E4
San Mateo County;1,987;622,700;1.401;DOF_E4
San Mateo County;1,988;629,825;1.417;DOF_E4
San Mateo County;1,989;638,310;1.436;DOF_E4
San Mateo County;1,990;649,623;1.462;Census
San Mateo County;1,991;651,093;1.465;DOF_E8
San Mateo County;1,992;657,980;1.481;DOF_E8
San Mateo County;1,993;664,394;1.495;DOF_E8
San Mateo County;1,994;668,711;1.505;DOF_E8
San Mateo County;1,995;673,274;1.515;DOF_E8
San Mateo County;1,996;677,926;1.526;DOF_E8
San Mateo County;1,997;685,153;1.542;DOF_E8
San Mateo County;1,998;693,089;1.56;DOF_E8
San Mateo County;1,999;698,333;1.571;DOF_E8
San Mateo County;2,000;707,163;1.591;Census
San Mateo County;2,001;707,965;1.593;DOF_E8
San Mateo County;2,002;706,213;1.589;DOF_E8
San Mateo County;2,003;704,014;1.584;DOF_E8
San Mateo County;2,004;702,254;1.58;DOF_E8
San Mateo County;2,005;700,350;1.576;DOF_E8
San Mateo County;2,006;699,347;1.574;DOF_E8
San Mateo County;2,007;701,838;1.579;DOF_E8
San Mateo County;2,008;707,820;1.593;DOF_E8
San Mateo County;2,009;713,818;1.606;DOF_E8
San Mateo County;2,010;718,451;1.617;Census
San Mateo County;2,011;726,732;1.635;DOF_E5
San Mateo County;2,012;737,002;1.658;DOF_E5
San Mateo County;2,013;747,550;1.682;DOF_E5
San Mateo County;2,014;754,234;1.697;DOF_E5
San Mateo County;2,015;761,621;1.714;DOF_E5
San Mateo County;2,016;767,099;1.726;DOF_E5
San Mateo County;2,017;769,401;1.731;DOF_E5
San Mateo County;2,018;770,927;1.735;DOF_E5
San Mateo County;2,019;771,160;1.735;DOF_E5
San Mateo County;2,020;771,061;1.735;DOF_E5
San Mateo County;2,021;765,245;1.722;DOF_E5
Santa Clara County;1,960;642,315;1;Census
Santa Clara County;1,961;708,100;1.102;DOF_E6
Santa Clara County;1,962;761,000;1.185;DOF_E6
Santa Clara County;1,963;816,500;1.271;DOF_E6
Santa Clara County;1,964;860,100;1.339;DOF_E6
Santa Clara County;1,965;903,200;1.406;DOF_E6
Santa Clara County;1,966;935,100;1.456;DOF_E6
Santa Clara County;1,967;977,900;1.522;DOF_E6
Santa Clara County;1,968;998,600;1.555;DOF_E6
Santa Clara County;1,969;1,041,200;1.621;DOF_E6
Santa Clara County;1,970;1,065,313;1.659;Census
Santa Clara County;1,971;1,084,625;1.689;DOF_E4
Santa Clara County;1,972;1,107,045;1.724;DOF_E4
Santa Clara County;1,973;1,130,730;1.76;DOF_E4
Santa Clara County;1,974;1,151,345;1.792;DOF_E4
Santa Clara County;1,975;1,170,700;1.823;DOF_E4
Santa Clara County;1,976;1,197,880;1.865;DOF_E4
Santa Clara County;1,977;1,223,705;1.905;DOF_E4
Santa Clara County;1,978;1,243,210;1.936;DOF_E4
Santa Clara County;1,979;1,264,265;1.968;DOF_E4
Santa Clara County;1,980;1,295,071;2.016;Census
Santa Clara County;1,981;1,311,590;2.042;DOF_E4
Santa Clara County;1,982;1,332,425;2.074;DOF_E4
Santa Clara County;1,983;1,355,450;2.11;DOF_E4
Santa Clara County;1,984;1,378,960;2.147;DOF_E4
Santa Clara County;1,985;1,400,365;2.18;DOF_E4
Santa Clara County;1,986;1,415,375;2.204;DOF_E4
Santa Clara County;1,987;1,427,020;2.222;DOF_E4
Santa Clara County;1,988;1,445,000;2.25;DOF_E4
Santa Clara County;1,989;1,471,040;2.29;DOF_E4
Santa Clara County;1,990;1,497,577;2.332;Census
Santa Clara County;1,991;1,501,771;2.338;DOF_E8
Santa Clara County;1,992;1,519,153;2.365;DOF_E8
Santa Clara County;1,993;1,542,054;2.401;DOF_E8
Santa Clara County;1,994;1,558,454;2.426;DOF_E8
Santa Clara County;1,995;1,568,225;2.442;DOF_E8
Santa Clara County;1,996;1,586,378;2.47;DOF_E8
Santa Clara County;1,997;1,612,739;2.511;DOF_E8
Santa Clara County;1,998;1,638,277;2.551;DOF_E8
Santa Clara County;1,999;1,658,055;2.581;DOF_E8
Santa Clara County;2,000;1,682,585;2.62;Census
Santa Clara County;2,001;1,690,366;2.632;DOF_E8
Santa Clara County;2,002;1,693,230;2.636;DOF_E8
Santa Clara County;2,003;1,693,752;2.637;DOF_E8
Santa Clara County;2,004;1,695,602;2.64;DOF_E8
Santa Clara County;2,005;1,698,234;2.644;DOF_E8
Santa Clara County;2,006;1,706,676;2.657;DOF_E8
Santa Clara County;2,007;1,725,066;2.686;DOF_E8
Santa Clara County;2,008;1,747,912;2.721;DOF_E8
Santa Clara County;2,009;1,767,204;2.751;DOF_E8
Santa Clara County;2,010;1,781,642;2.774;Census
Santa Clara County;2,011;1,806,087;2.812;DOF_E5
Santa Clara County;2,012;1,834,926;2.857;DOF_E5
Santa Clara County;2,013;1,863,975;2.902;DOF_E5
Santa Clara County;2,014;1,887,079;2.938;DOF_E5
Santa Clara County;2,015;1,911,670;2.976;DOF_E5
Santa Clara County;2,016;1,928,438;3.002;DOF_E5
Santa Clara County;2,017;1,937,008;3.016;DOF_E5
Santa Clara County;2,018;1,943,579;3.026;DOF_E5
Santa Clara County;2,019;1,944,733;3.028;DOF_E5
Santa Clara County;2,020;1,945,166;3.028;DOF_E5
Santa Clara County;2,021;1,934,171;3.011;DOF_E5
Solano County;1,960;134,597;1;Census
Solano County;1,961;140,000;1.04;DOF_E6
Solano County;1,962;142,900;1.062;DOF_E6
Solano County;1,963;148,400;1.103;DOF_E6
Solano County;1,964;152,800;1.135;DOF_E6
Solano County;1,965;158,300;1.176;DOF_E6
Solano County;1,966;161,200;1.198;DOF_E6
Solano County;1,967;165,500;1.23;DOF_E6
Solano County;1,968;167,600;1.245;DOF_E6
Solano County;1,969;170,300;1.265;DOF_E6
Solano County;1,970;171,989;1.278;Census
Solano County;1,972;180,695;1.342;DOF_E4
Solano County;1,973;181,020;1.345;DOF_E4
Solano County;1,974;183,275;1.362;DOF_E4
Solano County;1,975;185,740;1.38;DOF_E4
Solano County;1,976;191,735;1.425;DOF_E4
Solano County;1,977;199,215;1.48;DOF_E4
Solano County;1,978;207,705;1.543;DOF_E4
Solano County;1,979;218,730;1.625;DOF_E4
Solano County;1,980;235,203;1.747;Census
Solano County;1,981;241,820;1.797;DOF_E4
Solano County;1,982;250,615;1.862;DOF_E4
Solano County;1,983;258,425;1.92;DOF_E4
Solano County;1,984;263,855;1.96;DOF_E4
Solano County;1,985;269,460;2.002;DOF_E4
Solano County;1,986;278,605;2.07;DOF_E4
Solano County;1,987;291,560;2.166;DOF_E4
Solano County;1,988;304,490;2.262;DOF_E4
Solano County;1,989;318,050;2.363;DOF_E4
Solano County;1,990;339,471;2.522;Census
Solano County;1,991;349,396;2.596;DOF_E8
Solano County;1,992;359,175;2.669;DOF_E8
Solano County;1,993;364,627;2.709;DOF_E8
Solano County;1,994;368,030;2.734;DOF_E8
Solano County;1,995;368,227;2.736;DOF_E8
Solano County;1,996;368,121;2.735;DOF_E8
Solano County;1,997;371,380;2.759;DOF_E8
Solano County;1,998;377,121;2.802;DOF_E8
Solano County;1,999;384,322;2.855;DOF_E8
Solano County;2,000;394,930;2.934;Census
Solano County;2,001;399,476;2.968;DOF_E8
Solano County;2,002;404,895;3.008;DOF_E8
Solano County;2,003;407,882;3.03;DOF_E8
Solano County;2,004;410,164;3.047;DOF_E8
Solano County;2,005;410,985;3.053;DOF_E8
Solano County;2,006;410,964;3.053;DOF_E8
Solano County;2,007;411,998;3.061;DOF_E8
Solano County;2,008;412,908;3.068;DOF_E8
Solano County;2,009;412,832;3.067;DOF_E8
Solano County;2,010;413,344;3.071;Census
Solano County;2,011;413,023;3.069;DOF_E5
Solano County;2,012;416,495;3.094;DOF_E5
Solano County;2,013;419,493;3.117;DOF_E5
Solano County;2,014;423,383;3.146;DOF_E5
Solano County;2,015;426,849;3.171;DOF_E5
Solano County;2,016;430,315;3.197;DOF_E5
Solano County;2,017;435,186;3.233;DOF_E5
Solano County;2,018;436,813;3.245;DOF_E5
Solano County;2,019;438,205;3.256;DOF_E5
Solano County;2,020;439,211;3.263;DOF_E5
Solano County;2,021;438,527;3.258;DOF_E5
Sonoma County;1,960;147,375;1;Census
Sonoma County;1,961;152,800;1.037;DOF_E6
Sonoma County;1,962;158,200;1.073;DOF_E6
Sonoma County;1,963;165,300;1.122;DOF_E6
Sonoma County;1,964;171,200;1.162;DOF_E6
Sonoma County;1,965;177,100;1.202;DOF_E6
Sonoma County;1,966;183,500;1.245;DOF_E6
Sonoma County;1,967;189,100;1.283;DOF_E6
Sonoma County;1,968;192,900;1.309;DOF_E6
Sonoma County;1,969;200,300;1.359;DOF_E6
Sonoma County;1,970;204,885;1.39;Census
Sonoma County;1,971;210,470;1.428;DOF_E4
Sonoma County;1,972;219,335;1.488;DOF_E4
Sonoma County;1,973;229,645;1.558;DOF_E4
Sonoma County;1,974;239,075;1.622;DOF_E4
Sonoma County;1,975;245,475;1.666;DOF_E4
Sonoma County;1,976;252,115;1.711;DOF_E4
Sonoma County;1,977;264,565;1.795;DOF_E4
Sonoma County;1,978;277,805;1.885;DOF_E4
Sonoma County;1,979;288,110;1.955;DOF_E4
Sonoma County;1,980;299,681;2.033;Census
Sonoma County;1,981;305,010;2.07;DOF_E4
Sonoma County;1,982;311,350;2.113;DOF_E4
Sonoma County;1,983;317,765;2.156;DOF_E4
Sonoma County;1,984;323,145;2.193;DOF_E4
Sonoma County;1,985;329,755;2.238;DOF_E4
Sonoma County;1,986;338,760;2.299;DOF_E4
Sonoma County;1,987;348,560;2.365;DOF_E4
Sonoma County;1,988;359,620;2.44;DOF_E4
Sonoma County;1,989;371,275;2.519;DOF_E4
Sonoma County;1,990;388,222;2.634;Census
Sonoma County;1,991;394,070;2.674;DOF_E8
Sonoma County;1,992;402,835;2.733;DOF_E8
Sonoma County;1,993;410,785;2.787;DOF_E8
Sonoma County;1,994;416,791;2.828;DOF_E8
Sonoma County;1,995;421,676;2.861;DOF_E8
Sonoma County;1,996;427,005;2.897;DOF_E8
Sonoma County;1,997;434,133;2.946;DOF_E8
Sonoma County;1,998;442,025;2.999;DOF_E8
Sonoma County;1,999;449,455;3.05;DOF_E8
Sonoma County;2,000;458,614;3.112;Census
Sonoma County;2,001;462,958;3.141;DOF_E8
Sonoma County;2,002;465,726;3.16;DOF_E8
Sonoma County;2,003;467,139;3.17;DOF_E8
Sonoma County;2,004;469,103;3.183;DOF_E8
Sonoma County;2,005;469,734;3.187;DOF_E8
Sonoma County;2,006;469,751;3.187;DOF_E8
Sonoma County;2,007;471,479;3.199;DOF_E8
Sonoma County;2,008;474,819;3.222;DOF_E8
Sonoma County;2,009;478,622;3.248;DOF_E8
Sonoma County;2,010;483,878;3.283;Census
Sonoma County;2,011;486,076;3.298;DOF_E5
Sonoma County;2,012;488,837;3.317;DOF_E5
Sonoma County;2,013;493,122;3.346;DOF_E5
Sonoma County;2,014;497,121;3.373;DOF_E5
Sonoma County;2,015;500,603;3.397;DOF_E5
Sonoma County;2,016;502,338;3.409;DOF_E5
Sonoma County;2,017;503,405;3.416;DOF_E5
Sonoma County;2,018;500,485;3.396;DOF_E5
Sonoma County;2,019;495,919;3.365;DOF_E5
Sonoma County;2,020;491,354;3.334;DOF_E5
Sonoma County;2,021;484,207;3.286;DOF_E5
