CBSA;Metro;Year;Population;PercentChng_1960;PercentChng_1990;PercentChng_2000;PercentChng_2010;Source
Atlanta-Sandy Springs-Alpharetta, GA;Atlanta;1,960;1,398,465;0;0;0;0;DecennialCensus
Atlanta-Sandy Springs-Alpharetta, GA;Atlanta;1,970;1,852,235;32;0;0;0;DecennialCensus
Atlanta-Sandy Springs-Alpharetta, GA;Atlanta;1,971;1,923,562;38;0;0;0;PopEst80
Atlanta-Sandy Springs-Alpharetta, GA;Atlanta;1,972;1,986,378;42;0;0;0;PopEst80
Atlanta-Sandy Springs-Alpharetta, GA;Atlanta;1,973;2,055,163;47;0;0;0;PopEst80
Atlanta-Sandy Springs-Alpharetta, GA;Atlanta;1,974;2,109,336;51;0;0;0;PopEst80
Atlanta-Sandy Springs-Alpharetta, GA;Atlanta;1,975;2,127,699;52;0;0;0;PopEst80
Atlanta-Sandy Springs-Alpharetta, GA;Atlanta;1,976;2,152,827;54;0;0;0;PopEst80
Atlanta-Sandy Springs-Alpharetta, GA;Atlanta;1,977;2,194,278;57;0;0;0;PopEst80
Atlanta-Sandy Springs-Alpharetta, GA;Atlanta;1,978;2,234,895;60;0;0;0;PopEst80
Atlanta-Sandy Springs-Alpharetta, GA;Atlanta;1,979;2,295,682;64;0;0;0;PopEst80
Atlanta-Sandy Springs-Alpharetta, GA;Atlanta;1,980;2,338,211;67;0;0;0;DecennialCensus
Atlanta-Sandy Springs-Alpharetta, GA;Atlanta;1,981;2,403,399;72;0;0;0;PopEst90
Atlanta-Sandy Springs-Alpharetta, GA;Atlanta;1,982;2,453,630;75;0;0;0;PopEst90
Atlanta-Sandy Springs-Alpharetta, GA;Atlanta;1,983;2,516,560;80;0;0;0;PopEst90
Atlanta-Sandy Springs-Alpharetta, GA;Atlanta;1,984;2,593,867;85;0;0;0;PopEst90
Atlanta-Sandy Springs-Alpharetta, GA;Atlanta;1,985;2,689,451;92;0;0;0;PopEst90
Atlanta-Sandy Springs-Alpharetta, GA;Atlanta;1,986;2,784,922;99;0;0;0;PopEst90
Atlanta-Sandy Springs-Alpharetta, GA;Atlanta;1,987;2,881,785;106;0;0;0;PopEst90
Atlanta-Sandy Springs-Alpharetta, GA;Atlanta;1,988;2,965,369;112;0;0;0;PopEst90
Atlanta-Sandy Springs-Alpharetta, GA;Atlanta;1,989;3,033,138;117;0;0;0;PopEst90
Atlanta-Sandy Springs-Alpharetta, GA;Atlanta;1,990;3,082,308;120;0;0;0;DecennialCensus
Atlanta-Sandy Springs-Alpharetta, GA;Atlanta;1,991;3,195,398;128;4;0;0;PopEst00
Atlanta-Sandy Springs-Alpharetta, GA;Atlanta;1,992;3,291,991;135;7;0;0;PopEst00
Atlanta-Sandy Springs-Alpharetta, GA;Atlanta;1,993;3,402,250;143;10;0;0;PopEst00
Atlanta-Sandy Springs-Alpharetta, GA;Atlanta;1,994;3,523,718;152;14;0;0;PopEst00
Atlanta-Sandy Springs-Alpharetta, GA;Atlanta;1,995;3,644,699;161;18;0;0;PopEst00
Atlanta-Sandy Springs-Alpharetta, GA;Atlanta;1,996;3,765,817;169;22;0;0;PopEst00
Atlanta-Sandy Springs-Alpharetta, GA;Atlanta;1,997;3,888,398;178;26;0;0;PopEst00
Atlanta-Sandy Springs-Alpharetta, GA;Atlanta;1,998;4,021,410;188;30;0;0;PopEst00
Atlanta-Sandy Springs-Alpharetta, GA;Atlanta;1,999;4,157,862;197;35;0;0;PopEst00
Atlanta-Sandy Springs-Alpharetta, GA;Atlanta;2,000;4,263,438;205;38;0;0;DecennialCensus
Atlanta-Sandy Springs-Alpharetta, GA;Atlanta;2,001;4,402,455;215;43;3;0;PopEst10
Atlanta-Sandy Springs-Alpharetta, GA;Atlanta;2,002;4,489,288;221;46;5;0;PopEst10
Atlanta-Sandy Springs-Alpharetta, GA;Atlanta;2,003;4,572,541;227;48;7;0;PopEst10
Atlanta-Sandy Springs-Alpharetta, GA;Atlanta;2,004;4,659,574;233;51;9;0;PopEst10
Atlanta-Sandy Springs-Alpharetta, GA;Atlanta;2,005;4,770,870;241;55;12;0;PopEst10
Atlanta-Sandy Springs-Alpharetta, GA;Atlanta;2,006;4,931,848;253;60;16;0;PopEst10
Atlanta-Sandy Springs-Alpharetta, GA;Atlanta;2,007;5,066,356;262;64;19;0;PopEst10
Atlanta-Sandy Springs-Alpharetta, GA;Atlanta;2,008;5,170,099;270;68;21;0;PopEst10
Atlanta-Sandy Springs-Alpharetta, GA;Atlanta;2,009;5,240,828;275;70;23;0;PopEst10
Atlanta-Sandy Springs-Alpharetta, GA;Atlanta;2,010;5,286,728;278;72;24;0;DecennialCensus
Atlanta-Sandy Springs-Alpharetta, GA;Atlanta;2,011;5,366,462;284;74;26;2;PopEst20
Atlanta-Sandy Springs-Alpharetta, GA;Atlanta;2,012;5,444,473;289;77;28;3;PopEst20
Atlanta-Sandy Springs-Alpharetta, GA;Atlanta;2,013;5,510,530;294;79;29;4;PopEst20
Atlanta-Sandy Springs-Alpharetta, GA;Atlanta;2,014;5,593,204;300;81;31;6;PopEst20
Atlanta-Sandy Springs-Alpharetta, GA;Atlanta;2,015;5,686,048;307;84;33;8;PopEst20
Atlanta-Sandy Springs-Alpharetta, GA;Atlanta;2,016;5,787,965;314;88;36;9;PopEst20
Atlanta-Sandy Springs-Alpharetta, GA;Atlanta;2,017;5,872,432;320;91;38;11;PopEst20
Atlanta-Sandy Springs-Alpharetta, GA;Atlanta;2,018;5,945,303;325;93;39;12;PopEst20
Atlanta-Sandy Springs-Alpharetta, GA;Atlanta;2,019;6,020,364;330;95;41;14;PopEst20
Atlanta-Sandy Springs-Alpharetta, GA;Atlanta;2,020;6,101,146;336;98;43;15;PopEst21
Atlanta-Sandy Springs-Alpharetta, GA;Atlanta;2,021;6,144,050;339;99;44;16;PopEst21
Austin-Round Rock-Georgetown, TX;Austin;1,960;301,261;0;0;0;0;DecennialCensus
Austin-Round Rock-Georgetown, TX;Austin;1,970;398,938;32;0;0;0;DecennialCensus
Austin-Round Rock-Georgetown, TX;Austin;1,971;419,249;39;0;0;0;PopEst80
Austin-Round Rock-Georgetown, TX;Austin;1,972;447,987;49;0;0;0;PopEst80
Austin-Round Rock-Georgetown, TX;Austin;1,973;473,368;57;0;0;0;PopEst80
Austin-Round Rock-Georgetown, TX;Austin;1,974;485,983;61;0;0;0;PopEst80
Austin-Round Rock-Georgetown, TX;Austin;1,975;497,350;65;0;0;0;PopEst80
Austin-Round Rock-Georgetown, TX;Austin;1,976;517,671;72;0;0;0;PopEst80
Austin-Round Rock-Georgetown, TX;Austin;1,977;532,036;77;0;0;0;PopEst80
Austin-Round Rock-Georgetown, TX;Austin;1,978;538,659;79;0;0;0;PopEst80
Austin-Round Rock-Georgetown, TX;Austin;1,979;571,514;90;0;0;0;PopEst80
Austin-Round Rock-Georgetown, TX;Austin;1,980;585,051;94;0;0;0;DecennialCensus
Austin-Round Rock-Georgetown, TX;Austin;1,981;605,956;101;0;0;0;PopEst90
Austin-Round Rock-Georgetown, TX;Austin;1,982;633,458;110;0;0;0;PopEst90
Austin-Round Rock-Georgetown, TX;Austin;1,983;668,309;122;0;0;0;PopEst90
Austin-Round Rock-Georgetown, TX;Austin;1,984;707,651;135;0;0;0;PopEst90
Austin-Round Rock-Georgetown, TX;Austin;1,985;758,505;152;0;0;0;PopEst90
Austin-Round Rock-Georgetown, TX;Austin;1,986;793,119;163;0;0;0;PopEst90
Austin-Round Rock-Georgetown, TX;Austin;1,987;807,400;168;0;0;0;PopEst90
Austin-Round Rock-Georgetown, TX;Austin;1,988;817,161;171;0;0;0;PopEst90
Austin-Round Rock-Georgetown, TX;Austin;1,989;831,845;176;0;0;0;PopEst90
Austin-Round Rock-Georgetown, TX;Austin;1,990;846,227;181;0;0;0;DecennialCensus
Austin-Round Rock-Georgetown, TX;Austin;1,991;880,678;192;4;0;0;PopEst00
Austin-Round Rock-Georgetown, TX;Austin;1,992;912,833;203;8;0;0;PopEst00
Austin-Round Rock-Georgetown, TX;Austin;1,993;949,788;215;12;0;0;PopEst00
Austin-Round Rock-Georgetown, TX;Austin;1,994;988,925;228;17;0;0;PopEst00
Austin-Round Rock-Georgetown, TX;Austin;1,995;1,031,557;242;22;0;0;PopEst00
Austin-Round Rock-Georgetown, TX;Austin;1,996;1,073,037;256;27;0;0;PopEst00
Austin-Round Rock-Georgetown, TX;Austin;1,997;1,111,264;269;31;0;0;PopEst00
Austin-Round Rock-Georgetown, TX;Austin;1,998;1,155,579;284;37;0;0;PopEst00
Austin-Round Rock-Georgetown, TX;Austin;1,999;1,205,898;300;43;0;0;PopEst00
Austin-Round Rock-Georgetown, TX;Austin;2,000;1,249,763;315;48;0;0;DecennialCensus
Austin-Round Rock-Georgetown, TX;Austin;2,001;1,321,316;339;56;6;0;PopEst10
Austin-Round Rock-Georgetown, TX;Austin;2,002;1,347,822;347;59;8;0;PopEst10
Austin-Round Rock-Georgetown, TX;Austin;2,003;1,376,030;357;63;10;0;PopEst10
Austin-Round Rock-Georgetown, TX;Austin;2,004;1,410,058;368;67;13;0;PopEst10
Austin-Round Rock-Georgetown, TX;Austin;2,005;1,453,358;382;72;16;0;PopEst10
Austin-Round Rock-Georgetown, TX;Austin;2,006;1,515,485;403;79;21;0;PopEst10
Austin-Round Rock-Georgetown, TX;Austin;2,007;1,577,856;424;86;26;0;PopEst10
Austin-Round Rock-Georgetown, TX;Austin;2,008;1,633,870;442;93;31;0;PopEst10
Austin-Round Rock-Georgetown, TX;Austin;2,009;1,682,338;458;99;35;0;PopEst10
Austin-Round Rock-Georgetown, TX;Austin;2,010;1,716,289;470;103;37;0;DecennialCensus
Austin-Round Rock-Georgetown, TX;Austin;2,011;1,780,535;491;110;42;4;PopEst20
Austin-Round Rock-Georgetown, TX;Austin;2,012;1,834,586;509;117;47;7;PopEst20
Austin-Round Rock-Georgetown, TX;Austin;2,013;1,883,315;525;123;51;10;PopEst20
Austin-Round Rock-Georgetown, TX;Austin;2,014;1,942,467;545;130;55;13;PopEst20
Austin-Round Rock-Georgetown, TX;Austin;2,015;2,002,134;565;137;60;17;PopEst20
Austin-Round Rock-Georgetown, TX;Austin;2,016;2,062,016;584;144;65;20;PopEst20
Austin-Round Rock-Georgetown, TX;Austin;2,017;2,115,475;602;150;69;23;PopEst20
Austin-Round Rock-Georgetown, TX;Austin;2,018;2,165,497;619;156;73;26;PopEst20
Austin-Round Rock-Georgetown, TX;Austin;2,019;2,227,083;639;163;78;30;PopEst20
Austin-Round Rock-Georgetown, TX;Austin;2,020;2,299,125;663;172;84;34;PopEst21
Austin-Round Rock-Georgetown, TX;Austin;2,021;2,352,426;681;178;88;37;PopEst21
Bay Area;Bay Area;1,960;3,654,335;0;0;0;0;DecennialCensus
Bay Area;Bay Area;1,970;4,646,425;27;0;0;0;DecennialCensus
Bay Area;Bay Area;1,971;4,711,063;29;0;0;0;PopEst80
Bay Area;Bay Area;1,972;4,781,046;31;0;0;0;PopEst80
Bay Area;Bay Area;1,973;4,838,694;32;0;0;0;PopEst80
Bay Area;Bay Area;1,974;4,858,419;33;0;0;0;PopEst80
Bay Area;Bay Area;1,975;4,910,449;34;0;0;0;PopEst80
Bay Area;Bay Area;1,976;4,971,192;36;0;0;0;PopEst80
Bay Area;Bay Area;1,977;5,028,104;38;0;0;0;PopEst80
Bay Area;Bay Area;1,978;5,089,131;39;0;0;0;PopEst80
Bay Area;Bay Area;1,979;5,137,225;41;0;0;0;PopEst80
Bay Area;Bay Area;1,980;5,204,789;42;0;0;0;DecennialCensus
Bay Area;Bay Area;1,981;5,300,697;45;0;0;0;PopEst90
Bay Area;Bay Area;1,982;5,376,110;47;0;0;0;PopEst90
Bay Area;Bay Area;1,983;5,471,387;50;0;0;0;PopEst90
Bay Area;Bay Area;1,984;5,546,446;52;0;0;0;PopEst90
Bay Area;Bay Area;1,985;5,639,385;54;0;0;0;PopEst90
Bay Area;Bay Area;1,986;5,718,571;56;0;0;0;PopEst90
Bay Area;Bay Area;1,987;5,797,481;59;0;0;0;PopEst90
Bay Area;Bay Area;1,988;5,894,095;61;0;0;0;PopEst90
Bay Area;Bay Area;1,989;6,006,599;64;0;0;0;PopEst90
Bay Area;Bay Area;1,990;6,060,274;66;0;0;0;DecennialCensus
Bay Area;Bay Area;1,991;6,175,091;69;2;0;0;PopEst00
Bay Area;Bay Area;1,992;6,255,187;71;3;0;0;PopEst00
Bay Area;Bay Area;1,993;6,318,209;73;4;0;0;PopEst00
Bay Area;Bay Area;1,994;6,360,358;74;5;0;0;PopEst00
Bay Area;Bay Area;1,995;6,410,851;75;6;0;0;PopEst00
Bay Area;Bay Area;1,996;6,490,075;78;7;0;0;PopEst00
Bay Area;Bay Area;1,997;6,598,645;81;9;0;0;PopEst00
Bay Area;Bay Area;1,998;6,699,357;83;11;0;0;PopEst00
Bay Area;Bay Area;1,999;6,776,689;85;12;0;0;PopEst00
Bay Area;Bay Area;2,000;6,836,994;87;13;0;0;DecennialCensus
Bay Area;Bay Area;2,001;6,913,834;89;14;1;0;PopEst10
Bay Area;Bay Area;2,002;6,885,216;88;14;1;0;PopEst10
Bay Area;Bay Area;2,003;6,869,791;88;13;0;0;PopEst10
Bay Area;Bay Area;2,004;6,857,913;88;13;0;0;PopEst10
Bay Area;Bay Area;2,005;6,872,317;88;13;1;0;PopEst10
Bay Area;Bay Area;2,006;6,899,037;89;14;1;0;PopEst10
Bay Area;Bay Area;2,007;6,957,917;90;15;2;0;PopEst10
Bay Area;Bay Area;2,008;7,055,319;93;16;3;0;PopEst10
Bay Area;Bay Area;2,009;7,147,452;96;18;5;0;PopEst10
Bay Area;Bay Area;2,010;7,206,008;97;19;5;0;DecennialCensus
Bay Area;Bay Area;2,011;7,305,210;100;21;7;1;PopEst20
Bay Area;Bay Area;2,012;7,398,130;102;22;8;3;PopEst20
Bay Area;Bay Area;2,013;7,500,612;105;24;10;4;PopEst20
Bay Area;Bay Area;2,014;7,602,530;108;25;11;6;PopEst20
Bay Area;Bay Area;2,015;7,697,559;111;27;13;7;PopEst20
Bay Area;Bay Area;2,016;7,758,036;112;28;13;8;PopEst20
Bay Area;Bay Area;2,017;7,790,953;113;29;14;8;PopEst20
Bay Area;Bay Area;2,018;7,803,275;114;29;14;8;PopEst20
Bay Area;Bay Area;2,019;7,802,186;114;29;14;8;PopEst20
Bay Area;Bay Area;2,020;7,813,981;114;29;14;8;PopEst21
Bay Area;Bay Area;2,021;7,649,259;109;26;12;6;PopEst21
Boston-Cambridge-Newton, MA-NH;Boston;1,960;3,516,435;0;0;0;0;DecennialCensus
Boston-Cambridge-Newton, MA-NH;Boston;1,970;3,918,092;11;0;0;0;DecennialCensus
Boston-Cambridge-Newton, MA-NH;Boston;1,971;3,953,785;12;0;0;0;PopEst80
Boston-Cambridge-Newton, MA-NH;Boston;1,972;3,980,350;13;0;0;0;PopEst80
Boston-Cambridge-Newton, MA-NH;Boston;1,973;3,982,923;13;0;0;0;PopEst80
Boston-Cambridge-Newton, MA-NH;Boston;1,974;3,969,715;13;0;0;0;PopEst80
Boston-Cambridge-Newton, MA-NH;Boston;1,975;3,953,510;12;0;0;0;PopEst80
Boston-Cambridge-Newton, MA-NH;Boston;1,976;3,946,727;12;0;0;0;PopEst80
Boston-Cambridge-Newton, MA-NH;Boston;1,977;3,947,480;12;0;0;0;PopEst80
Boston-Cambridge-Newton, MA-NH;Boston;1,978;3,944,292;12;0;0;0;PopEst80
Boston-Cambridge-Newton, MA-NH;Boston;1,979;3,942,627;12;0;0;0;PopEst80
Boston-Cambridge-Newton, MA-NH;Boston;1,980;3,938,585;12;0;0;0;DecennialCensus
Boston-Cambridge-Newton, MA-NH;Boston;1,981;3,966,831;13;0;0;0;PopEst90
Boston-Cambridge-Newton, MA-NH;Boston;1,982;3,977,190;13;0;0;0;PopEst90
Boston-Cambridge-Newton, MA-NH;Boston;1,983;4,006,658;14;0;0;0;PopEst90
Boston-Cambridge-Newton, MA-NH;Boston;1,984;4,038,684;15;0;0;0;PopEst90
Boston-Cambridge-Newton, MA-NH;Boston;1,985;4,071,846;16;0;0;0;PopEst90
Boston-Cambridge-Newton, MA-NH;Boston;1,986;4,088,631;16;0;0;0;PopEst90
Boston-Cambridge-Newton, MA-NH;Boston;1,987;4,104,797;17;0;0;0;PopEst90
Boston-Cambridge-Newton, MA-NH;Boston;1,988;4,125,311;17;0;0;0;PopEst90
Boston-Cambridge-Newton, MA-NH;Boston;1,989;4,139,508;18;0;0;0;PopEst90
Boston-Cambridge-Newton, MA-NH;Boston;1,990;4,133,895;18;0;0;0;DecennialCensus
Boston-Cambridge-Newton, MA-NH;Boston;1,991;4,128,150;17;0;0;0;PopEst00
Boston-Cambridge-Newton, MA-NH;Boston;1,992;4,137,692;18;0;0;0;PopEst00
Boston-Cambridge-Newton, MA-NH;Boston;1,993;4,163,698;18;1;0;0;PopEst00
Boston-Cambridge-Newton, MA-NH;Boston;1,994;4,189,180;19;1;0;0;PopEst00
Boston-Cambridge-Newton, MA-NH;Boston;1,995;4,230,795;20;2;0;0;PopEst00
Boston-Cambridge-Newton, MA-NH;Boston;1,996;4,265,564;21;3;0;0;PopEst00
Boston-Cambridge-Newton, MA-NH;Boston;1,997;4,302,696;22;4;0;0;PopEst00
Boston-Cambridge-Newton, MA-NH;Boston;1,998;4,337,751;23;5;0;0;PopEst00
Boston-Cambridge-Newton, MA-NH;Boston;1,999;4,369,743;24;6;0;0;PopEst00
Boston-Cambridge-Newton, MA-NH;Boston;2,000;4,391,344;25;6;0;0;DecennialCensus
Boston-Cambridge-Newton, MA-NH;Boston;2,001;4,432,132;26;7;1;0;PopEst10
Boston-Cambridge-Newton, MA-NH;Boston;2,002;4,440,034;26;7;1;0;PopEst10
Boston-Cambridge-Newton, MA-NH;Boston;2,003;4,434,723;26;7;1;0;PopEst10
Boston-Cambridge-Newton, MA-NH;Boston;2,004;4,424,956;26;7;1;0;PopEst10
Boston-Cambridge-Newton, MA-NH;Boston;2,005;4,418,046;26;7;1;0;PopEst10
Boston-Cambridge-Newton, MA-NH;Boston;2,006;4,427,356;26;7;1;0;PopEst10
Boston-Cambridge-Newton, MA-NH;Boston;2,007;4,447,838;26;8;1;0;PopEst10
Boston-Cambridge-Newton, MA-NH;Boston;2,008;4,483,141;27;8;2;0;PopEst10
Boston-Cambridge-Newton, MA-NH;Boston;2,009;4,527,220;29;10;3;0;PopEst10
Boston-Cambridge-Newton, MA-NH;Boston;2,010;4,552,402;29;10;4;0;DecennialCensus
Boston-Cambridge-Newton, MA-NH;Boston;2,011;4,609,790;31;12;5;1;PopEst20
Boston-Cambridge-Newton, MA-NH;Boston;2,012;4,656,593;32;13;6;2;PopEst20
Boston-Cambridge-Newton, MA-NH;Boston;2,013;4,702,877;34;14;7;3;PopEst20
Boston-Cambridge-Newton, MA-NH;Boston;2,014;4,746,931;35;15;8;4;PopEst20
Boston-Cambridge-Newton, MA-NH;Boston;2,015;4,778,340;36;16;9;5;PopEst20
Boston-Cambridge-Newton, MA-NH;Boston;2,016;4,809,061;37;16;10;6;PopEst20
Boston-Cambridge-Newton, MA-NH;Boston;2,017;4,841,772;38;17;10;6;PopEst20
Boston-Cambridge-Newton, MA-NH;Boston;2,018;4,859,536;38;18;11;7;PopEst20
Boston-Cambridge-Newton, MA-NH;Boston;2,019;4,873,019;39;18;11;7;PopEst20
Boston-Cambridge-Newton, MA-NH;Boston;2,020;4,936,511;40;19;12;8;PopEst21
Boston-Cambridge-Newton, MA-NH;Boston;2,021;4,899,932;39;19;12;8;PopEst21
Chicago-Naperville-Elgin, IL-IN-WI;Chicago;1,960;7,017,024;0;0;0;0;DecennialCensus
Chicago-Naperville-Elgin, IL-IN-WI;Chicago;1,970;7,886,829;12;0;0;0;DecennialCensus
Chicago-Naperville-Elgin, IL-IN-WI;Chicago;1,971;7,955,378;13;0;0;0;PopEst80
Chicago-Naperville-Elgin, IL-IN-WI;Chicago;1,972;7,972,456;14;0;0;0;PopEst80
Chicago-Naperville-Elgin, IL-IN-WI;Chicago;1,973;7,966,163;14;0;0;0;PopEst80
Chicago-Naperville-Elgin, IL-IN-WI;Chicago;1,974;7,973,410;14;0;0;0;PopEst80
Chicago-Naperville-Elgin, IL-IN-WI;Chicago;1,975;7,988,617;14;0;0;0;PopEst80
Chicago-Naperville-Elgin, IL-IN-WI;Chicago;1,976;8,014,950;14;0;0;0;PopEst80
Chicago-Naperville-Elgin, IL-IN-WI;Chicago;1,977;8,047,498;15;0;0;0;PopEst80
Chicago-Naperville-Elgin, IL-IN-WI;Chicago;1,978;8,067,878;15;0;0;0;PopEst80
Chicago-Naperville-Elgin, IL-IN-WI;Chicago;1,979;8,055,226;15;0;0;0;PopEst80
Chicago-Naperville-Elgin, IL-IN-WI;Chicago;1,980;8,052,932;15;0;0;0;DecennialCensus
Chicago-Naperville-Elgin, IL-IN-WI;Chicago;1,981;8,038,127;15;0;0;0;PopEst90
Chicago-Naperville-Elgin, IL-IN-WI;Chicago;1,982;8,047,498;15;0;0;0;PopEst90
Chicago-Naperville-Elgin, IL-IN-WI;Chicago;1,983;8,044,576;15;0;0;0;PopEst90
Chicago-Naperville-Elgin, IL-IN-WI;Chicago;1,984;8,067,951;15;0;0;0;PopEst90
Chicago-Naperville-Elgin, IL-IN-WI;Chicago;1,985;8,072,062;15;0;0;0;PopEst90
Chicago-Naperville-Elgin, IL-IN-WI;Chicago;1,986;8,078,102;15;0;0;0;PopEst90
Chicago-Naperville-Elgin, IL-IN-WI;Chicago;1,987;8,099,060;15;0;0;0;PopEst90
Chicago-Naperville-Elgin, IL-IN-WI;Chicago;1,988;8,116,756;16;0;0;0;PopEst90
Chicago-Naperville-Elgin, IL-IN-WI;Chicago;1,989;8,153,134;16;0;0;0;PopEst90
Chicago-Naperville-Elgin, IL-IN-WI;Chicago;1,990;8,182,076;17;0;0;0;DecennialCensus
Chicago-Naperville-Elgin, IL-IN-WI;Chicago;1,991;8,304,560;18;1;0;0;PopEst00
Chicago-Naperville-Elgin, IL-IN-WI;Chicago;1,992;8,412,788;20;3;0;0;PopEst00
Chicago-Naperville-Elgin, IL-IN-WI;Chicago;1,993;8,512,911;21;4;0;0;PopEst00
Chicago-Naperville-Elgin, IL-IN-WI;Chicago;1,994;8,605,735;23;5;0;0;PopEst00
Chicago-Naperville-Elgin, IL-IN-WI;Chicago;1,995;8,693,383;24;6;0;0;PopEst00
Chicago-Naperville-Elgin, IL-IN-WI;Chicago;1,996;8,782,253;25;7;0;0;PopEst00
Chicago-Naperville-Elgin, IL-IN-WI;Chicago;1,997;8,862,719;26;8;0;0;PopEst00
Chicago-Naperville-Elgin, IL-IN-WI;Chicago;1,998;8,949,190;28;9;0;0;PopEst00
Chicago-Naperville-Elgin, IL-IN-WI;Chicago;1,999;9,035,654;29;10;0;0;PopEst00
Chicago-Naperville-Elgin, IL-IN-WI;Chicago;2,000;9,098,316;30;11;0;0;DecennialCensus
Chicago-Naperville-Elgin, IL-IN-WI;Chicago;2,001;9,169,580;31;12;1;0;PopEst10
Chicago-Naperville-Elgin, IL-IN-WI;Chicago;2,002;9,206,032;31;13;1;0;PopEst10
Chicago-Naperville-Elgin, IL-IN-WI;Chicago;2,003;9,233,303;32;13;1;0;PopEst10
Chicago-Naperville-Elgin, IL-IN-WI;Chicago;2,004;9,260,676;32;13;2;0;PopEst10
Chicago-Naperville-Elgin, IL-IN-WI;Chicago;2,005;9,276,302;32;13;2;0;PopEst10
Chicago-Naperville-Elgin, IL-IN-WI;Chicago;2,006;9,297,749;33;14;2;0;PopEst10
Chicago-Naperville-Elgin, IL-IN-WI;Chicago;2,007;9,337,140;33;14;3;0;PopEst10
Chicago-Naperville-Elgin, IL-IN-WI;Chicago;2,008;9,384,555;34;15;3;0;PopEst10
Chicago-Naperville-Elgin, IL-IN-WI;Chicago;2,009;9,429,498;34;15;4;0;PopEst10
Chicago-Naperville-Elgin, IL-IN-WI;Chicago;2,010;9,461,105;35;16;4;0;DecennialCensus
Chicago-Naperville-Elgin, IL-IN-WI;Chicago;2,011;9,500,870;35;16;4;0;PopEst20
Chicago-Naperville-Elgin, IL-IN-WI;Chicago;2,012;9,528,090;36;16;5;1;PopEst20
Chicago-Naperville-Elgin, IL-IN-WI;Chicago;2,013;9,550,194;36;17;5;1;PopEst20
Chicago-Naperville-Elgin, IL-IN-WI;Chicago;2,014;9,560,430;36;17;5;1;PopEst20
Chicago-Naperville-Elgin, IL-IN-WI;Chicago;2,015;9,552,554;36;17;5;1;PopEst20
Chicago-Naperville-Elgin, IL-IN-WI;Chicago;2,016;9,533,662;36;17;5;1;PopEst20
Chicago-Naperville-Elgin, IL-IN-WI;Chicago;2,017;9,514,113;36;16;5;1;PopEst20
Chicago-Naperville-Elgin, IL-IN-WI;Chicago;2,018;9,484,158;35;16;4;0;PopEst20
Chicago-Naperville-Elgin, IL-IN-WI;Chicago;2,019;9,458,539;35;16;4;0;PopEst20
Chicago-Naperville-Elgin, IL-IN-WI;Chicago;2,020;9,601,605;37;17;6;1;PopEst21
Chicago-Naperville-Elgin, IL-IN-WI;Chicago;2,021;9,509,934;36;16;5;1;PopEst21
Dallas-Fort Worth-Arlington, TX;Dallas;1,960;1,771,916;0;0;0;0;DecennialCensus
Dallas-Fort Worth-Arlington, TX;Dallas;1,970;2,419,559;37;0;0;0;DecennialCensus
Dallas-Fort Worth-Arlington, TX;Dallas;1,971;2,468,333;39;0;0;0;PopEst80
Dallas-Fort Worth-Arlington, TX;Dallas;1,972;2,483,381;40;0;0;0;PopEst80
Dallas-Fort Worth-Arlington, TX;Dallas;1,973;2,537,123;43;0;0;0;PopEst80
Dallas-Fort Worth-Arlington, TX;Dallas;1,974;2,608,022;47;0;0;0;PopEst80
Dallas-Fort Worth-Arlington, TX;Dallas;1,975;2,654,603;50;0;0;0;PopEst80
Dallas-Fort Worth-Arlington, TX;Dallas;1,976;2,723,552;54;0;0;0;PopEst80
Dallas-Fort Worth-Arlington, TX;Dallas;1,977;2,775,348;57;0;0;0;PopEst80
Dallas-Fort Worth-Arlington, TX;Dallas;1,978;2,841,606;60;0;0;0;PopEst80
Dallas-Fort Worth-Arlington, TX;Dallas;1,979;2,924,273;65;0;0;0;PopEst80
Dallas-Fort Worth-Arlington, TX;Dallas;1,980;3,012,339;70;0;0;0;DecennialCensus
Dallas-Fort Worth-Arlington, TX;Dallas;1,981;3,118,849;76;0;0;0;PopEst90
Dallas-Fort Worth-Arlington, TX;Dallas;1,982;3,231,248;82;0;0;0;PopEst90
Dallas-Fort Worth-Arlington, TX;Dallas;1,983;3,340,544;89;0;0;0;PopEst90
Dallas-Fort Worth-Arlington, TX;Dallas;1,984;3,456,121;95;0;0;0;PopEst90
Dallas-Fort Worth-Arlington, TX;Dallas;1,985;3,596,192;103;0;0;0;PopEst90
Dallas-Fort Worth-Arlington, TX;Dallas;1,986;3,731,894;111;0;0;0;PopEst90
Dallas-Fort Worth-Arlington, TX;Dallas;1,987;3,814,660;115;0;0;0;PopEst90
Dallas-Fort Worth-Arlington, TX;Dallas;1,988;3,858,992;118;0;0;0;PopEst90
Dallas-Fort Worth-Arlington, TX;Dallas;1,989;3,917,863;121;0;0;0;PopEst90
Dallas-Fort Worth-Arlington, TX;Dallas;1,990;3,984,437;125;0;0;0;DecennialCensus
Dallas-Fort Worth-Arlington, TX;Dallas;1,991;4,109,324;132;3;0;0;PopEst00
Dallas-Fort Worth-Arlington, TX;Dallas;1,992;4,194,301;137;5;0;0;PopEst00
Dallas-Fort Worth-Arlington, TX;Dallas;1,993;4,284,857;142;8;0;0;PopEst00
Dallas-Fort Worth-Arlington, TX;Dallas;1,994;4,388,097;148;10;0;0;PopEst00
Dallas-Fort Worth-Arlington, TX;Dallas;1,995;4,496,174;154;13;0;0;PopEst00
Dallas-Fort Worth-Arlington, TX;Dallas;1,996;4,622,564;161;16;0;0;PopEst00
Dallas-Fort Worth-Arlington, TX;Dallas;1,997;4,765,255;169;20;0;0;PopEst00
Dallas-Fort Worth-Arlington, TX;Dallas;1,998;4,912,807;177;23;0;0;PopEst00
Dallas-Fort Worth-Arlington, TX;Dallas;1,999;5,054,705;185;27;0;0;PopEst00
Dallas-Fort Worth-Arlington, TX;Dallas;2,000;5,156,217;191;29;0;0;DecennialCensus
Dallas-Fort Worth-Arlington, TX;Dallas;2,001;5,326,971;201;34;3;0;PopEst10
Dallas-Fort Worth-Arlington, TX;Dallas;2,002;5,432,371;207;36;5;0;PopEst10
Dallas-Fort Worth-Arlington, TX;Dallas;2,003;5,523,937;212;39;7;0;PopEst10
Dallas-Fort Worth-Arlington, TX;Dallas;2,004;5,613,420;217;41;9;0;PopEst10
Dallas-Fort Worth-Arlington, TX;Dallas;2,005;5,722,444;223;44;11;0;PopEst10
Dallas-Fort Worth-Arlington, TX;Dallas;2,006;5,886,950;232;48;14;0;PopEst10
Dallas-Fort Worth-Arlington, TX;Dallas;2,007;6,025,041;240;51;17;0;PopEst10
Dallas-Fort Worth-Arlington, TX;Dallas;2,008;6,152,770;247;54;19;0;PopEst10
Dallas-Fort Worth-Arlington, TX;Dallas;2,009;6,282,484;255;58;22;0;PopEst10
Dallas-Fort Worth-Arlington, TX;Dallas;2,010;6,366,542;259;60;23;0;DecennialCensus
Dallas-Fort Worth-Arlington, TX;Dallas;2,011;6,510,544;267;63;26;2;PopEst20
Dallas-Fort Worth-Arlington, TX;Dallas;2,012;6,644,559;275;67;29;4;PopEst20
Dallas-Fort Worth-Arlington, TX;Dallas;2,013;6,753,889;281;70;31;6;PopEst20
Dallas-Fort Worth-Arlington, TX;Dallas;2,014;6,889,769;289;73;34;8;PopEst20
Dallas-Fort Worth-Arlington, TX;Dallas;2,015;7,042,566;297;77;37;11;PopEst20
Dallas-Fort Worth-Arlington, TX;Dallas;2,016;7,194,758;306;81;40;13;PopEst20
Dallas-Fort Worth-Arlington, TX;Dallas;2,017;7,337,097;314;84;42;15;PopEst20
Dallas-Fort Worth-Arlington, TX;Dallas;2,018;7,455,756;321;87;45;17;PopEst20
Dallas-Fort Worth-Arlington, TX;Dallas;2,019;7,573,136;327;90;47;19;PopEst20
Dallas-Fort Worth-Arlington, TX;Dallas;2,020;7,662,325;332;92;49;20;PopEst21
Dallas-Fort Worth-Arlington, TX;Dallas;2,021;7,759,615;338;95;50;22;PopEst21
Denver-Aurora-Lakewood, CO;Denver;1,960;868,953;0;0;0;0;DecennialCensus
Denver-Aurora-Lakewood, CO;Denver;1,970;1,116,226;28;0;0;0;DecennialCensus
Denver-Aurora-Lakewood, CO;Denver;1,971;1,162,752;34;0;0;0;PopEst80
Denver-Aurora-Lakewood, CO;Denver;1,972;1,205,728;39;0;0;0;PopEst80
Denver-Aurora-Lakewood, CO;Denver;1,973;1,247,879;44;0;0;0;PopEst80
Denver-Aurora-Lakewood, CO;Denver;1,974;1,262,790;45;0;0;0;PopEst80
Denver-Aurora-Lakewood, CO;Denver;1,975;1,285,563;48;0;0;0;PopEst80
Denver-Aurora-Lakewood, CO;Denver;1,976;1,316,552;52;0;0;0;PopEst80
Denver-Aurora-Lakewood, CO;Denver;1,977;1,343,657;55;0;0;0;PopEst80
Denver-Aurora-Lakewood, CO;Denver;1,978;1,390,232;60;0;0;0;PopEst80
Denver-Aurora-Lakewood, CO;Denver;1,979;1,432,046;65;0;0;0;PopEst80
Denver-Aurora-Lakewood, CO;Denver;1,980;1,450,768;67;0;0;0;DecennialCensus
Denver-Aurora-Lakewood, CO;Denver;1,981;1,497,995;72;0;0;0;PopEst90
Denver-Aurora-Lakewood, CO;Denver;1,982;1,541,283;77;0;0;0;PopEst90
Denver-Aurora-Lakewood, CO;Denver;1,983;1,578,685;82;0;0;0;PopEst90
Denver-Aurora-Lakewood, CO;Denver;1,984;1,600,242;84;0;0;0;PopEst90
Denver-Aurora-Lakewood, CO;Denver;1,985;1,623,118;87;0;0;0;PopEst90
Denver-Aurora-Lakewood, CO;Denver;1,986;1,637,266;88;0;0;0;PopEst90
Denver-Aurora-Lakewood, CO;Denver;1,987;1,644,581;89;0;0;0;PopEst90
Denver-Aurora-Lakewood, CO;Denver;1,988;1,638,278;89;0;0;0;PopEst90
Denver-Aurora-Lakewood, CO;Denver;1,989;1,639,412;89;0;0;0;PopEst90
Denver-Aurora-Lakewood, CO;Denver;1,990;1,650,489;90;0;0;0;DecennialCensus
Denver-Aurora-Lakewood, CO;Denver;1,991;1,702,298;96;3;0;0;PopEst00
Denver-Aurora-Lakewood, CO;Denver;1,992;1,760,945;103;7;0;0;PopEst00
Denver-Aurora-Lakewood, CO;Denver;1,993;1,819,298;109;10;0;0;PopEst00
Denver-Aurora-Lakewood, CO;Denver;1,994;1,862,948;114;13;0;0;PopEst00
Denver-Aurora-Lakewood, CO;Denver;1,995;1,910,680;120;16;0;0;PopEst00
Denver-Aurora-Lakewood, CO;Denver;1,996;1,959,552;126;19;0;0;PopEst00
Denver-Aurora-Lakewood, CO;Denver;1,997;2,012,227;132;22;0;0;PopEst00
Denver-Aurora-Lakewood, CO;Denver;1,998;2,061,091;137;25;0;0;PopEst00
Denver-Aurora-Lakewood, CO;Denver;1,999;2,118,555;144;28;0;0;PopEst00
Denver-Aurora-Lakewood, CO;Denver;2,000;2,157,756;148;31;0;0;DecennialCensus
Denver-Aurora-Lakewood, CO;Denver;2,001;2,241,381;158;36;4;0;PopEst10
Denver-Aurora-Lakewood, CO;Denver;2,002;2,266,781;161;37;5;0;PopEst10
Denver-Aurora-Lakewood, CO;Denver;2,003;2,284,876;163;38;6;0;PopEst10
Denver-Aurora-Lakewood, CO;Denver;2,004;2,304,818;165;40;7;0;PopEst10
Denver-Aurora-Lakewood, CO;Denver;2,005;2,332,749;168;41;8;0;PopEst10
Denver-Aurora-Lakewood, CO;Denver;2,006;2,374,194;173;44;10;0;PopEst10
Denver-Aurora-Lakewood, CO;Denver;2,007;2,418,686;178;47;12;0;PopEst10
Denver-Aurora-Lakewood, CO;Denver;2,008;2,463,971;184;49;14;0;PopEst10
Denver-Aurora-Lakewood, CO;Denver;2,009;2,509,417;189;52;16;0;PopEst10
Denver-Aurora-Lakewood, CO;Denver;2,010;2,543,482;193;54;18;0;DecennialCensus
Denver-Aurora-Lakewood, CO;Denver;2,011;2,602,918;200;58;21;2;PopEst20
Denver-Aurora-Lakewood, CO;Denver;2,012;2,650,274;205;61;23;4;PopEst20
Denver-Aurora-Lakewood, CO;Denver;2,013;2,700,529;211;64;25;6;PopEst20
Denver-Aurora-Lakewood, CO;Denver;2,014;2,753,973;217;67;28;8;PopEst20
Denver-Aurora-Lakewood, CO;Denver;2,015;2,812,896;224;70;30;11;PopEst20
Denver-Aurora-Lakewood, CO;Denver;2,016;2,856,755;229;73;32;12;PopEst20
Denver-Aurora-Lakewood, CO;Denver;2,017;2,891,776;233;75;34;14;PopEst20
Denver-Aurora-Lakewood, CO;Denver;2,018;2,931,665;237;78;36;15;PopEst20
Denver-Aurora-Lakewood, CO;Denver;2,019;2,967,239;241;80;38;17;PopEst20
Denver-Aurora-Lakewood, CO;Denver;2,020;2,969,289;242;80;38;17;PopEst21
Denver-Aurora-Lakewood, CO;Denver;2,021;2,972,566;242;80;38;17;PopEst21
Detroit-Warren-Dearborn, MI;Detroit;1,960;3,949,720;0;0;0;0;DecennialCensus
Detroit-Warren-Dearborn, MI;Detroit;1,970;4,431,390;12;0;0;0;DecennialCensus
Detroit-Warren-Dearborn, MI;Detroit;1,971;4,459,766;13;0;0;0;PopEst80
Detroit-Warren-Dearborn, MI;Detroit;1,972;4,453,499;13;0;0;0;PopEst80
Detroit-Warren-Dearborn, MI;Detroit;1,973;4,435,768;12;0;0;0;PopEst80
Detroit-Warren-Dearborn, MI;Detroit;1,974;4,422,065;12;0;0;0;PopEst80
Detroit-Warren-Dearborn, MI;Detroit;1,975;4,394,443;11;0;0;0;PopEst80
Detroit-Warren-Dearborn, MI;Detroit;1,976;4,361,561;10;0;0;0;PopEst80
Detroit-Warren-Dearborn, MI;Detroit;1,977;4,351,969;10;0;0;0;PopEst80
Detroit-Warren-Dearborn, MI;Detroit;1,978;4,356,610;10;0;0;0;PopEst80
Detroit-Warren-Dearborn, MI;Detroit;1,979;4,356,801;10;0;0;0;PopEst80
Detroit-Warren-Dearborn, MI;Detroit;1,980;4,353,413;10;0;0;0;DecennialCensus
Detroit-Warren-Dearborn, MI;Detroit;1,981;4,275,745;8;0;0;0;PopEst90
Detroit-Warren-Dearborn, MI;Detroit;1,982;4,223,103;7;0;0;0;PopEst90
Detroit-Warren-Dearborn, MI;Detroit;1,983;4,185,050;6;0;0;0;PopEst90
Detroit-Warren-Dearborn, MI;Detroit;1,984;4,182,756;6;0;0;0;PopEst90
Detroit-Warren-Dearborn, MI;Detroit;1,985;4,195,984;6;0;0;0;PopEst90
Detroit-Warren-Dearborn, MI;Detroit;1,986;4,219,758;7;0;0;0;PopEst90
Detroit-Warren-Dearborn, MI;Detroit;1,987;4,241,506;7;0;0;0;PopEst90
Detroit-Warren-Dearborn, MI;Detroit;1,988;4,234,092;7;0;0;0;PopEst90
Detroit-Warren-Dearborn, MI;Detroit;1,989;4,237,899;7;0;0;0;PopEst90
Detroit-Warren-Dearborn, MI;Detroit;1,990;4,248,699;8;0;0;0;DecennialCensus
Detroit-Warren-Dearborn, MI;Detroit;1,991;4,285,663;9;1;0;0;PopEst00
Detroit-Warren-Dearborn, MI;Detroit;1,992;4,319,806;9;2;0;0;PopEst00
Detroit-Warren-Dearborn, MI;Detroit;1,993;4,344,712;10;2;0;0;PopEst00
Detroit-Warren-Dearborn, MI;Detroit;1,994;4,365,423;11;3;0;0;PopEst00
Detroit-Warren-Dearborn, MI;Detroit;1,995;4,399,746;11;4;0;0;PopEst00
Detroit-Warren-Dearborn, MI;Detroit;1,996;4,433,102;12;4;0;0;PopEst00
Detroit-Warren-Dearborn, MI;Detroit;1,997;4,440,400;12;5;0;0;PopEst00
Detroit-Warren-Dearborn, MI;Detroit;1,998;4,441,717;12;5;0;0;PopEst00
Detroit-Warren-Dearborn, MI;Detroit;1,999;4,447,649;13;5;0;0;PopEst00
Detroit-Warren-Dearborn, MI;Detroit;2,000;4,452,557;13;5;0;0;DecennialCensus
Detroit-Warren-Dearborn, MI;Detroit;2,001;4,461,855;13;5;0;0;PopEst10
Detroit-Warren-Dearborn, MI;Detroit;2,002;4,456,433;13;5;0;0;PopEst10
Detroit-Warren-Dearborn, MI;Detroit;2,003;4,453,371;13;5;0;0;PopEst10
Detroit-Warren-Dearborn, MI;Detroit;2,004;4,445,887;13;5;0;0;PopEst10
Detroit-Warren-Dearborn, MI;Detroit;2,005;4,431,048;12;4;0;0;PopEst10
Detroit-Warren-Dearborn, MI;Detroit;2,006;4,409,697;12;4;-1;0;PopEst10
Detroit-Warren-Dearborn, MI;Detroit;2,007;4,377,116;11;3;-2;0;PopEst10
Detroit-Warren-Dearborn, MI;Detroit;2,008;4,339,504;10;2;-3;0;PopEst10
Detroit-Warren-Dearborn, MI;Detroit;2,009;4,311,728;9;1;-3;0;PopEst10
Detroit-Warren-Dearborn, MI;Detroit;2,010;4,296,250;9;1;-4;0;DecennialCensus
Detroit-Warren-Dearborn, MI;Detroit;2,011;4,291,696;9;1;-4;0;PopEst20
Detroit-Warren-Dearborn, MI;Detroit;2,012;4,300,864;9;1;-3;0;PopEst20
Detroit-Warren-Dearborn, MI;Detroit;2,013;4,305,587;9;1;-3;0;PopEst20
Detroit-Warren-Dearborn, MI;Detroit;2,014;4,311,194;9;1;-3;0;PopEst20
Detroit-Warren-Dearborn, MI;Detroit;2,015;4,309,673;9;1;-3;0;PopEst20
Detroit-Warren-Dearborn, MI;Detroit;2,016;4,316,260;9;2;-3;0;PopEst20
Detroit-Warren-Dearborn, MI;Detroit;2,017;4,321,593;9;2;-3;1;PopEst20
Detroit-Warren-Dearborn, MI;Detroit;2,018;4,322,084;9;2;-3;1;PopEst20
Detroit-Warren-Dearborn, MI;Detroit;2,019;4,319,629;9;2;-3;1;PopEst20
Detroit-Warren-Dearborn, MI;Detroit;2,020;4,385,748;11;3;-2;2;PopEst21
Detroit-Warren-Dearborn, MI;Detroit;2,021;4,365,205;11;3;-2;2;PopEst21
Houston-The Woodlands-Sugar Land, TX;Houston;1,960;1,594,914;0;0;0;0;DecennialCensus
Houston-The Woodlands-Sugar Land, TX;Houston;1,970;2,195,146;38;0;0;0;DecennialCensus
Houston-The Woodlands-Sugar Land, TX;Houston;1,971;2,274,946;43;0;0;0;PopEst80
Houston-The Woodlands-Sugar Land, TX;Houston;1,972;2,333,119;46;0;0;0;PopEst80
Houston-The Woodlands-Sugar Land, TX;Houston;1,973;2,401,819;51;0;0;0;PopEst80
Houston-The Woodlands-Sugar Land, TX;Houston;1,974;2,479,906;55;0;0;0;PopEst80
Houston-The Woodlands-Sugar Land, TX;Houston;1,975;2,587,562;62;0;0;0;PopEst80
Houston-The Woodlands-Sugar Land, TX;Houston;1,976;2,696,160;69;0;0;0;PopEst80
Houston-The Woodlands-Sugar Land, TX;Houston;1,977;2,800,461;76;0;0;0;PopEst80
Houston-The Woodlands-Sugar Land, TX;Houston;1,978;2,915,424;83;0;0;0;PopEst80
Houston-The Woodlands-Sugar Land, TX;Houston;1,979;3,032,581;90;0;0;0;PopEst80
Houston-The Woodlands-Sugar Land, TX;Houston;1,980;3,137,557;97;0;0;0;DecennialCensus
Houston-The Woodlands-Sugar Land, TX;Houston;1,981;3,309,378;107;0;0;0;PopEst90
Houston-The Woodlands-Sugar Land, TX;Houston;1,982;3,504,928;120;0;0;0;PopEst90
Houston-The Woodlands-Sugar Land, TX;Houston;1,983;3,605,395;126;0;0;0;PopEst90
Houston-The Woodlands-Sugar Land, TX;Houston;1,984;3,622,641;127;0;0;0;PopEst90
Houston-The Woodlands-Sugar Land, TX;Houston;1,985;3,628,585;128;0;0;0;PopEst90
Houston-The Woodlands-Sugar Land, TX;Houston;1,986;3,668,133;130;0;0;0;PopEst90
Houston-The Woodlands-Sugar Land, TX;Houston;1,987;3,626,057;127;0;0;0;PopEst90
Houston-The Woodlands-Sugar Land, TX;Houston;1,988;3,615,287;127;0;0;0;PopEst90
Houston-The Woodlands-Sugar Land, TX;Houston;1,989;3,670,096;130;0;0;0;PopEst90
Houston-The Woodlands-Sugar Land, TX;Houston;1,990;3,750,963;135;0;0;0;DecennialCensus
Houston-The Woodlands-Sugar Land, TX;Houston;1,991;3,884,885;144;4;0;0;PopEst00
Houston-The Woodlands-Sugar Land, TX;Houston;1,992;3,989,770;150;6;0;0;PopEst00
Houston-The Woodlands-Sugar Land, TX;Houston;1,993;4,075,564;156;9;0;0;PopEst00
Houston-The Woodlands-Sugar Land, TX;Houston;1,994;4,153,355;160;11;0;0;PopEst00
Houston-The Woodlands-Sugar Land, TX;Houston;1,995;4,227,574;165;13;0;0;PopEst00
Houston-The Woodlands-Sugar Land, TX;Houston;1,996;4,314,589;171;15;0;0;PopEst00
Houston-The Woodlands-Sugar Land, TX;Houston;1,997;4,407,210;176;17;0;0;PopEst00
Houston-The Woodlands-Sugar Land, TX;Houston;1,998;4,513,913;183;20;0;0;PopEst00
Houston-The Woodlands-Sugar Land, TX;Houston;1,999;4,622,857;190;23;0;0;PopEst00
Houston-The Woodlands-Sugar Land, TX;Houston;2,000;4,693,161;194;25;0;0;DecennialCensus
Houston-The Woodlands-Sugar Land, TX;Houston;2,001;4,817,815;202;28;3;0;PopEst10
Houston-The Woodlands-Sugar Land, TX;Houston;2,002;4,937,081;210;32;5;0;PopEst10
Houston-The Woodlands-Sugar Land, TX;Houston;2,003;5,036,393;216;34;7;0;PopEst10
Houston-The Woodlands-Sugar Land, TX;Houston;2,004;5,132,602;222;37;9;0;PopEst10
Houston-The Woodlands-Sugar Land, TX;Houston;2,005;5,233,729;228;40;12;0;PopEst10
Houston-The Woodlands-Sugar Land, TX;Houston;2,006;5,423,615;240;45;16;0;PopEst10
Houston-The Woodlands-Sugar Land, TX;Houston;2,007;5,540,882;247;48;18;0;PopEst10
Houston-The Woodlands-Sugar Land, TX;Houston;2,008;5,676,381;256;51;21;0;PopEst10
Houston-The Woodlands-Sugar Land, TX;Houston;2,009;5,826,108;265;55;24;0;PopEst10
Houston-The Woodlands-Sugar Land, TX;Houston;2,010;5,920,416;271;58;26;0;DecennialCensus
Houston-The Woodlands-Sugar Land, TX;Houston;2,011;6,056,193;280;61;29;2;PopEst20
Houston-The Woodlands-Sugar Land, TX;Houston;2,012;6,183,531;288;65;32;4;PopEst20
Houston-The Woodlands-Sugar Land, TX;Houston;2,013;6,328,208;297;69;35;7;PopEst20
Houston-The Woodlands-Sugar Land, TX;Houston;2,014;6,500,199;308;73;39;10;PopEst20
Houston-The Woodlands-Sugar Land, TX;Houston;2,015;6,671,808;318;78;42;13;PopEst20
Houston-The Woodlands-Sugar Land, TX;Houston;2,016;6,806,503;327;81;45;15;PopEst20
Houston-The Woodlands-Sugar Land, TX;Houston;2,017;6,900,090;333;84;47;17;PopEst20
Houston-The Woodlands-Sugar Land, TX;Houston;2,018;6,976,147;337;86;49;18;PopEst20
Houston-The Woodlands-Sugar Land, TX;Houston;2,019;7,066,141;343;88;51;19;PopEst20
Houston-The Woodlands-Sugar Land, TX;Houston;2,020;7,137,747;348;90;52;21;PopEst21
Houston-The Woodlands-Sugar Land, TX;Houston;2,021;7,206,841;352;92;54;22;PopEst21
Los Angeles-Long Beach-Anaheim, CA;Los Angeles;1,960;6,742,696;0;0;0;0;DecennialCensus
Los Angeles-Long Beach-Anaheim, CA;Los Angeles;1,970;8,452,461;25;0;0;0;DecennialCensus
Los Angeles-Long Beach-Anaheim, CA;Los Angeles;1,971;8,587,856;27;0;0;0;PopEst80
Los Angeles-Long Beach-Anaheim, CA;Los Angeles;1,972;8,593,411;27;0;0;0;PopEst80
Los Angeles-Long Beach-Anaheim, CA;Los Angeles;1,973;8,647,583;28;0;0;0;PopEst80
Los Angeles-Long Beach-Anaheim, CA;Los Angeles;1,974;8,754,846;30;0;0;0;PopEst80
Los Angeles-Long Beach-Anaheim, CA;Los Angeles;1,975;8,842,481;31;0;0;0;PopEst80
Los Angeles-Long Beach-Anaheim, CA;Los Angeles;1,976;8,984,351;33;0;0;0;PopEst80
Los Angeles-Long Beach-Anaheim, CA;Los Angeles;1,977;9,063,773;34;0;0;0;PopEst80
Los Angeles-Long Beach-Anaheim, CA;Los Angeles;1,978;9,204,879;37;0;0;0;PopEst80
Los Angeles-Long Beach-Anaheim, CA;Los Angeles;1,979;9,292,971;38;0;0;0;PopEst80
Los Angeles-Long Beach-Anaheim, CA;Los Angeles;1,980;9,410,212;40;0;0;0;DecennialCensus
Los Angeles-Long Beach-Anaheim, CA;Los Angeles;1,981;9,613,596;43;0;0;0;PopEst90
Los Angeles-Long Beach-Anaheim, CA;Los Angeles;1,982;9,813,345;46;0;0;0;PopEst90
Los Angeles-Long Beach-Anaheim, CA;Los Angeles;1,983;10,009,837;48;0;0;0;PopEst90
Los Angeles-Long Beach-Anaheim, CA;Los Angeles;1,984;10,165,046;51;0;0;0;PopEst90
Los Angeles-Long Beach-Anaheim, CA;Los Angeles;1,985;10,354,834;54;0;0;0;PopEst90
Los Angeles-Long Beach-Anaheim, CA;Los Angeles;1,986;10,622,527;58;0;0;0;PopEst90
Los Angeles-Long Beach-Anaheim, CA;Los Angeles;1,987;10,835,329;61;0;0;0;PopEst90
Los Angeles-Long Beach-Anaheim, CA;Los Angeles;1,988;11,000,784;63;0;0;0;PopEst90
Los Angeles-Long Beach-Anaheim, CA;Los Angeles;1,989;11,177,629;66;0;0;0;PopEst90
Los Angeles-Long Beach-Anaheim, CA;Los Angeles;1,990;11,273,720;67;0;0;0;DecennialCensus
Los Angeles-Long Beach-Anaheim, CA;Los Angeles;1,991;11,400,816;69;1;0;0;PopEst00
Los Angeles-Long Beach-Anaheim, CA;Los Angeles;1,992;11,552,438;71;2;0;0;PopEst00
Los Angeles-Long Beach-Anaheim, CA;Los Angeles;1,993;11,632,798;73;3;0;0;PopEst00
Los Angeles-Long Beach-Anaheim, CA;Los Angeles;1,994;11,663,207;73;3;0;0;PopEst00
Los Angeles-Long Beach-Anaheim, CA;Los Angeles;1,995;11,692,693;73;4;0;0;PopEst00
Los Angeles-Long Beach-Anaheim, CA;Los Angeles;1,996;11,771,038;75;4;0;0;PopEst00
Los Angeles-Long Beach-Anaheim, CA;Los Angeles;1,997;11,915,815;77;6;0;0;PopEst00
Los Angeles-Long Beach-Anaheim, CA;Los Angeles;1,998;12,086,776;79;7;0;0;PopEst00
Los Angeles-Long Beach-Anaheim, CA;Los Angeles;1,999;12,253,223;82;9;0;0;PopEst00
Los Angeles-Long Beach-Anaheim, CA;Los Angeles;2,000;12,365,627;83;10;0;0;DecennialCensus
Los Angeles-Long Beach-Anaheim, CA;Los Angeles;2,001;12,511,491;86;11;1;0;PopEst10
Los Angeles-Long Beach-Anaheim, CA;Los Angeles;2,002;12,614,158;87;12;2;0;PopEst10
Los Angeles-Long Beach-Anaheim, CA;Los Angeles;2,003;12,696,521;88;13;3;0;PopEst10
Los Angeles-Long Beach-Anaheim, CA;Los Angeles;2,004;12,734,974;89;13;3;0;PopEst10
Los Angeles-Long Beach-Anaheim, CA;Los Angeles;2,005;12,726,428;89;13;3;0;PopEst10
Los Angeles-Long Beach-Anaheim, CA;Los Angeles;2,006;12,670,216;88;12;2;0;PopEst10
Los Angeles-Long Beach-Anaheim, CA;Los Angeles;2,007;12,631,988;87;12;2;0;PopEst10
Los Angeles-Long Beach-Anaheim, CA;Los Angeles;2,008;12,692,740;88;13;3;0;PopEst10
Los Angeles-Long Beach-Anaheim, CA;Los Angeles;2,009;12,774,577;89;13;3;0;PopEst10
Los Angeles-Long Beach-Anaheim, CA;Los Angeles;2,010;12,828,837;90;14;4;0;DecennialCensus
Los Angeles-Long Beach-Anaheim, CA;Los Angeles;2,011;12,925,753;92;15;5;1;PopEst20
Los Angeles-Long Beach-Anaheim, CA;Los Angeles;2,012;13,013,443;93;15;5;1;PopEst20
Los Angeles-Long Beach-Anaheim, CA;Los Angeles;2,013;13,097,434;94;16;6;2;PopEst20
Los Angeles-Long Beach-Anaheim, CA;Los Angeles;2,014;13,166,609;95;17;6;3;PopEst20
Los Angeles-Long Beach-Anaheim, CA;Los Angeles;2,015;13,234,696;96;17;7;3;PopEst20
Los Angeles-Long Beach-Anaheim, CA;Los Angeles;2,016;13,270,694;97;18;7;3;PopEst20
Los Angeles-Long Beach-Anaheim, CA;Los Angeles;2,017;13,278,000;97;18;7;4;PopEst20
Los Angeles-Long Beach-Anaheim, CA;Los Angeles;2,018;13,249,879;97;18;7;3;PopEst20
Los Angeles-Long Beach-Anaheim, CA;Los Angeles;2,019;13,214,799;96;17;7;3;PopEst20
Los Angeles-Long Beach-Anaheim, CA;Los Angeles;2,020;13,173,266;95;17;7;3;PopEst21
Los Angeles-Long Beach-Anaheim, CA;Los Angeles;2,021;12,997,353;93;15;5;1;PopEst21
Miami-Fort Lauderdale-Pompano Beach, FL;Miami;1,960;1,497,099;0;0;0;0;DecennialCensus
Miami-Fort Lauderdale-Pompano Beach, FL;Miami;1,970;2,236,645;49;0;0;0;DecennialCensus
Miami-Fort Lauderdale-Pompano Beach, FL;Miami;1,971;2,364,733;58;0;0;0;PopEst80
Miami-Fort Lauderdale-Pompano Beach, FL;Miami;1,972;2,478,805;66;0;0;0;PopEst80
Miami-Fort Lauderdale-Pompano Beach, FL;Miami;1,973;2,604,625;74;0;0;0;PopEst80
Miami-Fort Lauderdale-Pompano Beach, FL;Miami;1,974;2,745,934;83;0;0;0;PopEst80
Miami-Fort Lauderdale-Pompano Beach, FL;Miami;1,975;2,837,565;90;0;0;0;PopEst80
Miami-Fort Lauderdale-Pompano Beach, FL;Miami;1,976;2,884,069;93;0;0;0;PopEst80
Miami-Fort Lauderdale-Pompano Beach, FL;Miami;1,977;2,937,610;96;0;0;0;PopEst80
Miami-Fort Lauderdale-Pompano Beach, FL;Miami;1,978;3,002,948;101;0;0;0;PopEst80
Miami-Fort Lauderdale-Pompano Beach, FL;Miami;1,979;3,121,936;109;0;0;0;PopEst80
Miami-Fort Lauderdale-Pompano Beach, FL;Miami;1,980;3,220,844;115;0;0;0;DecennialCensus
Miami-Fort Lauderdale-Pompano Beach, FL;Miami;1,981;3,386,320;126;0;0;0;PopEst90
Miami-Fort Lauderdale-Pompano Beach, FL;Miami;1,982;3,449,748;130;0;0;0;PopEst90
Miami-Fort Lauderdale-Pompano Beach, FL;Miami;1,983;3,506,543;134;0;0;0;PopEst90
Miami-Fort Lauderdale-Pompano Beach, FL;Miami;1,984;3,560,287;138;0;0;0;PopEst90
Miami-Fort Lauderdale-Pompano Beach, FL;Miami;1,985;3,632,839;143;0;0;0;PopEst90
Miami-Fort Lauderdale-Pompano Beach, FL;Miami;1,986;3,709,290;148;0;0;0;PopEst90
Miami-Fort Lauderdale-Pompano Beach, FL;Miami;1,987;3,797,122;154;0;0;0;PopEst90
Miami-Fort Lauderdale-Pompano Beach, FL;Miami;1,988;3,891,771;160;0;0;0;PopEst90
Miami-Fort Lauderdale-Pompano Beach, FL;Miami;1,989;3,984,028;166;0;0;0;PopEst90
Miami-Fort Lauderdale-Pompano Beach, FL;Miami;1,990;4,056,100;171;0;0;0;DecennialCensus
Miami-Fort Lauderdale-Pompano Beach, FL;Miami;1,991;4,176,731;179;3;0;0;PopEst00
Miami-Fort Lauderdale-Pompano Beach, FL;Miami;1,992;4,262,995;185;5;0;0;PopEst00
Miami-Fort Lauderdale-Pompano Beach, FL;Miami;1,993;4,340,175;190;7;0;0;PopEst00
Miami-Fort Lauderdale-Pompano Beach, FL;Miami;1,994;4,445,162;197;10;0;0;PopEst00
Miami-Fort Lauderdale-Pompano Beach, FL;Miami;1,995;4,547,191;204;12;0;0;PopEst00
Miami-Fort Lauderdale-Pompano Beach, FL;Miami;1,996;4,652,414;211;15;0;0;PopEst00
Miami-Fort Lauderdale-Pompano Beach, FL;Miami;1,997;4,750,249;217;17;0;0;PopEst00
Miami-Fort Lauderdale-Pompano Beach, FL;Miami;1,998;4,836,853;223;19;0;0;PopEst00
Miami-Fort Lauderdale-Pompano Beach, FL;Miami;1,999;4,932,004;229;22;0;0;PopEst00
Miami-Fort Lauderdale-Pompano Beach, FL;Miami;2,000;5,007,564;234;23;0;0;DecennialCensus
Miami-Fort Lauderdale-Pompano Beach, FL;Miami;2,001;5,110,780;241;26;2;0;PopEst10
Miami-Fort Lauderdale-Pompano Beach, FL;Miami;2,002;5,197,205;247;28;4;0;PopEst10
Miami-Fort Lauderdale-Pompano Beach, FL;Miami;2,003;5,261,713;251;30;5;0;PopEst10
Miami-Fort Lauderdale-Pompano Beach, FL;Miami;2,004;5,336,368;256;32;7;0;PopEst10
Miami-Fort Lauderdale-Pompano Beach, FL;Miami;2,005;5,411,148;261;33;8;0;PopEst10
Miami-Fort Lauderdale-Pompano Beach, FL;Miami;2,006;5,429,748;263;34;8;0;PopEst10
Miami-Fort Lauderdale-Pompano Beach, FL;Miami;2,007;5,422,987;262;34;8;0;PopEst10
Miami-Fort Lauderdale-Pompano Beach, FL;Miami;2,008;5,454,633;264;34;9;0;PopEst10
Miami-Fort Lauderdale-Pompano Beach, FL;Miami;2,009;5,504,624;268;36;10;0;PopEst10
Miami-Fort Lauderdale-Pompano Beach, FL;Miami;2,010;5,564,635;272;37;11;0;DecennialCensus
Miami-Fort Lauderdale-Pompano Beach, FL;Miami;2,011;5,668,271;279;40;13;2;PopEst20
Miami-Fort Lauderdale-Pompano Beach, FL;Miami;2,012;5,745,743;284;42;15;3;PopEst20
Miami-Fort Lauderdale-Pompano Beach, FL;Miami;2,013;5,822,754;289;44;16;5;PopEst20
Miami-Fort Lauderdale-Pompano Beach, FL;Miami;2,014;5,893,858;294;45;18;6;PopEst20
Miami-Fort Lauderdale-Pompano Beach, FL;Miami;2,015;5,969,135;299;47;19;7;PopEst20
Miami-Fort Lauderdale-Pompano Beach, FL;Miami;2,016;6,055,686;304;49;21;9;PopEst20
Miami-Fort Lauderdale-Pompano Beach, FL;Miami;2,017;6,118,155;309;51;22;10;PopEst20
Miami-Fort Lauderdale-Pompano Beach, FL;Miami;2,018;6,143,837;310;51;23;10;PopEst20
Miami-Fort Lauderdale-Pompano Beach, FL;Miami;2,019;6,166,488;312;52;23;11;PopEst20
Miami-Fort Lauderdale-Pompano Beach, FL;Miami;2,020;6,126,441;309;51;22;10;PopEst21
Miami-Fort Lauderdale-Pompano Beach, FL;Miami;2,021;6,091,747;307;50;22;9;PopEst21
New York-Newark-Jersey City, NY-NJ-PA;New York;1,960;15,346,313;0;0;0;0;DecennialCensus
New York-Newark-Jersey City, NY-NJ-PA;New York;1,970;17,062,309;11;0;0;0;DecennialCensus
New York-Newark-Jersey City, NY-NJ-PA;New York;1,971;17,162,586;12;0;0;0;PopEst80
New York-Newark-Jersey City, NY-NJ-PA;New York;1,972;17,125,812;12;0;0;0;PopEst80
New York-Newark-Jersey City, NY-NJ-PA;New York;1,973;16,974,866;11;0;0;0;PopEst80
New York-Newark-Jersey City, NY-NJ-PA;New York;1,974;16,857,169;10;0;0;0;PopEst80
New York-Newark-Jersey City, NY-NJ-PA;New York;1,975;16,778,355;9;0;0;0;PopEst80
New York-Newark-Jersey City, NY-NJ-PA;New York;1,976;16,712,728;9;0;0;0;PopEst80
New York-Newark-Jersey City, NY-NJ-PA;New York;1,977;16,584,092;8;0;0;0;PopEst80
New York-Newark-Jersey City, NY-NJ-PA;New York;1,978;16,468,441;7;0;0;0;PopEst80
New York-Newark-Jersey City, NY-NJ-PA;New York;1,979;16,400,135;7;0;0;0;PopEst80
New York-Newark-Jersey City, NY-NJ-PA;New York;1,980;16,363,540;7;0;0;0;DecennialCensus
New York-Newark-Jersey City, NY-NJ-PA;New York;1,981;16,403,191;7;0;0;0;PopEst90
New York-Newark-Jersey City, NY-NJ-PA;New York;1,982;16,439,456;7;0;0;0;PopEst90
New York-Newark-Jersey City, NY-NJ-PA;New York;1,983;16,564,633;8;0;0;0;PopEst90
New York-Newark-Jersey City, NY-NJ-PA;New York;1,984;16,658,667;9;0;0;0;PopEst90
New York-Newark-Jersey City, NY-NJ-PA;New York;1,985;16,730,937;9;0;0;0;PopEst90
New York-Newark-Jersey City, NY-NJ-PA;New York;1,986;16,810,171;10;0;0;0;PopEst90
New York-Newark-Jersey City, NY-NJ-PA;New York;1,987;16,858,287;10;0;0;0;PopEst90
New York-Newark-Jersey City, NY-NJ-PA;New York;1,988;16,896,885;10;0;0;0;PopEst90
New York-Newark-Jersey City, NY-NJ-PA;New York;1,989;16,880,402;10;0;0;0;PopEst90
New York-Newark-Jersey City, NY-NJ-PA;New York;1,990;16,846,046;10;0;0;0;DecennialCensus
New York-Newark-Jersey City, NY-NJ-PA;New York;1,991;16,979,004;11;1;0;0;PopEst00
New York-Newark-Jersey City, NY-NJ-PA;New York;1,992;17,114,713;12;2;0;0;PopEst00
New York-Newark-Jersey City, NY-NJ-PA;New York;1,993;17,273,224;13;3;0;0;PopEst00
New York-Newark-Jersey City, NY-NJ-PA;New York;1,994;17,407,324;13;3;0;0;PopEst00
New York-Newark-Jersey City, NY-NJ-PA;New York;1,995;17,544,499;14;4;0;0;PopEst00
New York-Newark-Jersey City, NY-NJ-PA;New York;1,996;17,681,708;15;5;0;0;PopEst00
New York-Newark-Jersey City, NY-NJ-PA;New York;1,997;17,835,528;16;6;0;0;PopEst00
New York-Newark-Jersey City, NY-NJ-PA;New York;1,998;18,007,924;17;7;0;0;PopEst00
New York-Newark-Jersey City, NY-NJ-PA;New York;1,999;18,192,429;19;8;0;0;PopEst00
New York-Newark-Jersey City, NY-NJ-PA;New York;2,000;18,323,002;19;9;0;0;DecennialCensus
New York-Newark-Jersey City, NY-NJ-PA;New York;2,001;18,476,764;20;10;1;0;PopEst10
New York-Newark-Jersey City, NY-NJ-PA;New York;2,002;18,554,586;21;10;1;0;PopEst10
New York-Newark-Jersey City, NY-NJ-PA;New York;2,003;18,598,803;21;10;2;0;PopEst10
New York-Newark-Jersey City, NY-NJ-PA;New York;2,004;18,597,871;21;10;2;0;PopEst10
New York-Newark-Jersey City, NY-NJ-PA;New York;2,005;18,568,830;21;10;1;0;PopEst10
New York-Newark-Jersey City, NY-NJ-PA;New York;2,006;18,538,752;21;10;1;0;PopEst10
New York-Newark-Jersey City, NY-NJ-PA;New York;2,007;18,572,325;21;10;1;0;PopEst10
New York-Newark-Jersey City, NY-NJ-PA;New York;2,008;18,672,355;22;11;2;0;PopEst10
New York-Newark-Jersey City, NY-NJ-PA;New York;2,009;18,800,157;23;12;3;0;PopEst10
New York-Newark-Jersey City, NY-NJ-PA;New York;2,010;18,897,109;23;12;3;0;DecennialCensus
New York-Newark-Jersey City, NY-NJ-PA;New York;2,011;19,052,774;24;13;4;1;PopEst20
New York-Newark-Jersey City, NY-NJ-PA;New York;2,012;19,149,689;25;14;5;1;PopEst20
New York-Newark-Jersey City, NY-NJ-PA;New York;2,013;19,226,449;25;14;5;2;PopEst20
New York-Newark-Jersey City, NY-NJ-PA;New York;2,014;19,280,929;26;14;5;2;PopEst20
New York-Newark-Jersey City, NY-NJ-PA;New York;2,015;19,320,968;26;15;5;2;PopEst20
New York-Newark-Jersey City, NY-NJ-PA;New York;2,016;19,334,778;26;15;6;2;PopEst20
New York-Newark-Jersey City, NY-NJ-PA;New York;2,017;19,322,607;26;15;5;2;PopEst20
New York-Newark-Jersey City, NY-NJ-PA;New York;2,018;19,276,644;26;14;5;2;PopEst20
New York-Newark-Jersey City, NY-NJ-PA;New York;2,019;19,216,182;25;14;5;2;PopEst20
New York-Newark-Jersey City, NY-NJ-PA;New York;2,020;20,096,413;31;19;10;6;PopEst21
New York-Newark-Jersey City, NY-NJ-PA;New York;2,021;19,768,458;29;17;8;5;PopEst21
Philadelphia-Camden-Wilmington, PA-NJ-DE-MD;Philadelphia;1,960;4,757,462;0;0;0;0;DecennialCensus
Philadelphia-Camden-Wilmington, PA-NJ-DE-MD;Philadelphia;1,970;5,317,407;12;0;0;0;DecennialCensus
Philadelphia-Camden-Wilmington, PA-NJ-DE-MD;Philadelphia;1,971;5,362,224;13;0;0;0;PopEst80
Philadelphia-Camden-Wilmington, PA-NJ-DE-MD;Philadelphia;1,972;5,353,856;13;0;0;0;PopEst80
Philadelphia-Camden-Wilmington, PA-NJ-DE-MD;Philadelphia;1,973;5,317,946;12;0;0;0;PopEst80
Philadelphia-Camden-Wilmington, PA-NJ-DE-MD;Philadelphia;1,974;5,295,961;11;0;0;0;PopEst80
Philadelphia-Camden-Wilmington, PA-NJ-DE-MD;Philadelphia;1,975;5,288,594;11;0;0;0;PopEst80
Philadelphia-Camden-Wilmington, PA-NJ-DE-MD;Philadelphia;1,976;5,280,960;11;0;0;0;PopEst80
Philadelphia-Camden-Wilmington, PA-NJ-DE-MD;Philadelphia;1,977;5,264,763;11;0;0;0;PopEst80
Philadelphia-Camden-Wilmington, PA-NJ-DE-MD;Philadelphia;1,978;5,247,406;10;0;0;0;PopEst80
Philadelphia-Camden-Wilmington, PA-NJ-DE-MD;Philadelphia;1,979;5,248,337;10;0;0;0;PopEst80
Philadelphia-Camden-Wilmington, PA-NJ-DE-MD;Philadelphia;1,980;5,240,039;10;0;0;0;DecennialCensus
Philadelphia-Camden-Wilmington, PA-NJ-DE-MD;Philadelphia;1,981;5,250,308;10;0;0;0;PopEst90
Philadelphia-Camden-Wilmington, PA-NJ-DE-MD;Philadelphia;1,982;5,257,021;11;0;0;0;PopEst90
Philadelphia-Camden-Wilmington, PA-NJ-DE-MD;Philadelphia;1,983;5,261,673;11;0;0;0;PopEst90
Philadelphia-Camden-Wilmington, PA-NJ-DE-MD;Philadelphia;1,984;5,279,132;11;0;0;0;PopEst90
Philadelphia-Camden-Wilmington, PA-NJ-DE-MD;Philadelphia;1,985;5,294,459;11;0;0;0;PopEst90
Philadelphia-Camden-Wilmington, PA-NJ-DE-MD;Philadelphia;1,986;5,335,408;12;0;0;0;PopEst90
Philadelphia-Camden-Wilmington, PA-NJ-DE-MD;Philadelphia;1,987;5,383,458;13;0;0;0;PopEst90
Philadelphia-Camden-Wilmington, PA-NJ-DE-MD;Philadelphia;1,988;5,421,401;14;0;0;0;PopEst90
Philadelphia-Camden-Wilmington, PA-NJ-DE-MD;Philadelphia;1,989;5,434,519;14;0;0;0;PopEst90
Philadelphia-Camden-Wilmington, PA-NJ-DE-MD;Philadelphia;1,990;5,435,468;14;0;0;0;DecennialCensus
Philadelphia-Camden-Wilmington, PA-NJ-DE-MD;Philadelphia;1,991;5,479,918;15;1;0;0;PopEst00
Philadelphia-Camden-Wilmington, PA-NJ-DE-MD;Philadelphia;1,992;5,503,640;16;1;0;0;PopEst00
Philadelphia-Camden-Wilmington, PA-NJ-DE-MD;Philadelphia;1,993;5,533,081;16;2;0;0;PopEst00
Philadelphia-Camden-Wilmington, PA-NJ-DE-MD;Philadelphia;1,994;5,562,336;17;2;0;0;PopEst00
Philadelphia-Camden-Wilmington, PA-NJ-DE-MD;Philadelphia;1,995;5,586,177;17;3;0;0;PopEst00
Philadelphia-Camden-Wilmington, PA-NJ-DE-MD;Philadelphia;1,996;5,602,154;18;3;0;0;PopEst00
Philadelphia-Camden-Wilmington, PA-NJ-DE-MD;Philadelphia;1,997;5,615,600;18;3;0;0;PopEst00
Philadelphia-Camden-Wilmington, PA-NJ-DE-MD;Philadelphia;1,998;5,640,015;19;4;0;0;PopEst00
Philadelphia-Camden-Wilmington, PA-NJ-DE-MD;Philadelphia;1,999;5,665,210;19;4;0;0;PopEst00
Philadelphia-Camden-Wilmington, PA-NJ-DE-MD;Philadelphia;2,000;5,687,147;20;5;0;0;DecennialCensus
Philadelphia-Camden-Wilmington, PA-NJ-DE-MD;Philadelphia;2,001;5,713,954;20;5;0;0;PopEst10
Philadelphia-Camden-Wilmington, PA-NJ-DE-MD;Philadelphia;2,002;5,743,383;21;6;1;0;PopEst10
Philadelphia-Camden-Wilmington, PA-NJ-DE-MD;Philadelphia;2,003;5,773,864;21;6;2;0;PopEst10
Philadelphia-Camden-Wilmington, PA-NJ-DE-MD;Philadelphia;2,004;5,804,535;22;7;2;0;PopEst10
Philadelphia-Camden-Wilmington, PA-NJ-DE-MD;Philadelphia;2,005;5,829,139;23;7;2;0;PopEst10
Philadelphia-Camden-Wilmington, PA-NJ-DE-MD;Philadelphia;2,006;5,856,125;23;8;3;0;PopEst10
Philadelphia-Camden-Wilmington, PA-NJ-DE-MD;Philadelphia;2,007;5,882,126;24;8;3;0;PopEst10
Philadelphia-Camden-Wilmington, PA-NJ-DE-MD;Philadelphia;2,008;5,906,917;24;9;4;0;PopEst10
Philadelphia-Camden-Wilmington, PA-NJ-DE-MD;Philadelphia;2,009;5,941,539;25;9;4;0;PopEst10
Philadelphia-Camden-Wilmington, PA-NJ-DE-MD;Philadelphia;2,010;5,965,343;25;10;5;0;DecennialCensus
Philadelphia-Camden-Wilmington, PA-NJ-DE-MD;Philadelphia;2,011;5,996,232;26;10;5;1;PopEst20
Philadelphia-Camden-Wilmington, PA-NJ-DE-MD;Philadelphia;2,012;6,016,616;26;11;6;1;PopEst20
Philadelphia-Camden-Wilmington, PA-NJ-DE-MD;Philadelphia;2,013;6,030,134;27;11;6;1;PopEst20
Philadelphia-Camden-Wilmington, PA-NJ-DE-MD;Philadelphia;2,014;6,046,382;27;11;6;1;PopEst20
Philadelphia-Camden-Wilmington, PA-NJ-DE-MD;Philadelphia;2,015;6,056,816;27;11;7;2;PopEst20
Philadelphia-Camden-Wilmington, PA-NJ-DE-MD;Philadelphia;2,016;6,066,661;28;12;7;2;PopEst20
Philadelphia-Camden-Wilmington, PA-NJ-DE-MD;Philadelphia;2,017;6,078,522;28;12;7;2;PopEst20
Philadelphia-Camden-Wilmington, PA-NJ-DE-MD;Philadelphia;2,018;6,091,208;28;12;7;2;PopEst20
Philadelphia-Camden-Wilmington, PA-NJ-DE-MD;Philadelphia;2,019;6,102,434;28;12;7;2;PopEst20
Philadelphia-Camden-Wilmington, PA-NJ-DE-MD;Philadelphia;2,020;6,241,983;31;15;10;5;PopEst21
Philadelphia-Camden-Wilmington, PA-NJ-DE-MD;Philadelphia;2,021;6,228,601;31;15;10;4;PopEst21
Phoenix-Mesa-Chandler, AZ;Phoenix;1,960;726,183;0;0;0;0;DecennialCensus
Phoenix-Mesa-Chandler, AZ;Phoenix;1,970;1,035,438;43;0;0;0;DecennialCensus
Phoenix-Mesa-Chandler, AZ;Phoenix;1,971;1,100,221;52;0;0;0;PopEst80
Phoenix-Mesa-Chandler, AZ;Phoenix;1,972;1,163,970;60;0;0;0;PopEst80
Phoenix-Mesa-Chandler, AZ;Phoenix;1,973;1,237,666;70;0;0;0;PopEst80
Phoenix-Mesa-Chandler, AZ;Phoenix;1,974;1,301,948;79;0;0;0;PopEst80
Phoenix-Mesa-Chandler, AZ;Phoenix;1,975;1,337,678;84;0;0;0;PopEst80
Phoenix-Mesa-Chandler, AZ;Phoenix;1,976;1,366,413;88;0;0;0;PopEst80
Phoenix-Mesa-Chandler, AZ;Phoenix;1,977;1,416,923;95;0;0;0;PopEst80
Phoenix-Mesa-Chandler, AZ;Phoenix;1,978;1,476,479;103;0;0;0;PopEst80
Phoenix-Mesa-Chandler, AZ;Phoenix;1,979;1,546,337;113;0;0;0;PopEst80
Phoenix-Mesa-Chandler, AZ;Phoenix;1,980;1,599,970;120;0;0;0;DecennialCensus
Phoenix-Mesa-Chandler, AZ;Phoenix;1,981;1,658,994;128;0;0;0;PopEst90
Phoenix-Mesa-Chandler, AZ;Phoenix;1,982;1,708,659;135;0;0;0;PopEst90
Phoenix-Mesa-Chandler, AZ;Phoenix;1,983;1,761,814;143;0;0;0;PopEst90
Phoenix-Mesa-Chandler, AZ;Phoenix;1,984;1,837,456;153;0;0;0;PopEst90
Phoenix-Mesa-Chandler, AZ;Phoenix;1,985;1,931,973;166;0;0;0;PopEst90
Phoenix-Mesa-Chandler, AZ;Phoenix;1,986;2,013,324;177;0;0;0;PopEst90
Phoenix-Mesa-Chandler, AZ;Phoenix;1,987;2,102,567;190;0;0;0;PopEst90
Phoenix-Mesa-Chandler, AZ;Phoenix;1,988;2,162,656;198;0;0;0;PopEst90
Phoenix-Mesa-Chandler, AZ;Phoenix;1,989;2,217,534;205;0;0;0;PopEst90
Phoenix-Mesa-Chandler, AZ;Phoenix;1,990;2,238,480;208;0;0;0;DecennialCensus
Phoenix-Mesa-Chandler, AZ;Phoenix;1,991;2,319,206;219;4;0;0;PopEst00
Phoenix-Mesa-Chandler, AZ;Phoenix;1,992;2,398,760;230;7;0;0;PopEst00
Phoenix-Mesa-Chandler, AZ;Phoenix;1,993;2,491,818;243;11;0;0;PopEst00
Phoenix-Mesa-Chandler, AZ;Phoenix;1,994;2,613,502;260;17;0;0;PopEst00
Phoenix-Mesa-Chandler, AZ;Phoenix;1,995;2,744,046;278;23;0;0;PopEst00
Phoenix-Mesa-Chandler, AZ;Phoenix;1,996;2,855,711;293;28;0;0;PopEst00
Phoenix-Mesa-Chandler, AZ;Phoenix;1,997;2,963,714;308;32;0;0;PopEst00
Phoenix-Mesa-Chandler, AZ;Phoenix;1,998;3,074,532;323;37;0;0;PopEst00
Phoenix-Mesa-Chandler, AZ;Phoenix;1,999;3,178,349;338;42;0;0;PopEst00
Phoenix-Mesa-Chandler, AZ;Phoenix;2,000;3,251,876;348;45;0;0;DecennialCensus
Phoenix-Mesa-Chandler, AZ;Phoenix;2,001;3,363,736;363;50;3;0;PopEst10
Phoenix-Mesa-Chandler, AZ;Phoenix;2,002;3,452,470;375;54;6;0;PopEst10
Phoenix-Mesa-Chandler, AZ;Phoenix;2,003;3,536,388;387;58;9;0;PopEst10
Phoenix-Mesa-Chandler, AZ;Phoenix;2,004;3,637,332;401;62;12;0;PopEst10
Phoenix-Mesa-Chandler, AZ;Phoenix;2,005;3,774,696;420;69;16;0;PopEst10
Phoenix-Mesa-Chandler, AZ;Phoenix;2,006;3,914,212;439;75;20;0;PopEst10
Phoenix-Mesa-Chandler, AZ;Phoenix;2,007;4,018,128;453;80;24;0;PopEst10
Phoenix-Mesa-Chandler, AZ;Phoenix;2,008;4,106,372;465;83;26;0;PopEst10
Phoenix-Mesa-Chandler, AZ;Phoenix;2,009;4,153,609;472;86;28;0;PopEst10
Phoenix-Mesa-Chandler, AZ;Phoenix;2,010;4,192,887;477;87;29;0;DecennialCensus
Phoenix-Mesa-Chandler, AZ;Phoenix;2,011;4,253,037;486;90;31;1;PopEst20
Phoenix-Mesa-Chandler, AZ;Phoenix;2,012;4,329,756;496;93;33;3;PopEst20
Phoenix-Mesa-Chandler, AZ;Phoenix;2,013;4,403,121;506;97;35;5;PopEst20
Phoenix-Mesa-Chandler, AZ;Phoenix;2,014;4,488,970;518;101;38;7;PopEst20
Phoenix-Mesa-Chandler, AZ;Phoenix;2,015;4,578,519;530;105;41;9;PopEst20
Phoenix-Mesa-Chandler, AZ;Phoenix;2,016;4,673,336;544;109;44;11;PopEst20
Phoenix-Mesa-Chandler, AZ;Phoenix;2,017;4,758,748;555;113;46;13;PopEst20
Phoenix-Mesa-Chandler, AZ;Phoenix;2,018;4,849,209;568;117;49;16;PopEst20
Phoenix-Mesa-Chandler, AZ;Phoenix;2,019;4,948,203;581;121;52;18;PopEst20
Phoenix-Mesa-Chandler, AZ;Phoenix;2,020;4,867,925;570;117;50;16;PopEst21
Phoenix-Mesa-Chandler, AZ;Phoenix;2,021;4,946,145;581;121;52;18;PopEst21
San Diego-Chula Vista-Carlsbad, CA;San Diego;1,960;1,033,011;0;0;0;0;DecennialCensus
San Diego-Chula Vista-Carlsbad, CA;San Diego;1,970;1,357,854;31;0;0;0;DecennialCensus
San Diego-Chula Vista-Carlsbad, CA;San Diego;1,971;1,391,925;35;0;0;0;PopEst80
San Diego-Chula Vista-Carlsbad, CA;San Diego;1,972;1,433,123;39;0;0;0;PopEst80
San Diego-Chula Vista-Carlsbad, CA;San Diego;1,973;1,499,591;45;0;0;0;PopEst80
San Diego-Chula Vista-Carlsbad, CA;San Diego;1,974;1,540,668;49;0;0;0;PopEst80
San Diego-Chula Vista-Carlsbad, CA;San Diego;1,975;1,616,904;57;0;0;0;PopEst80
San Diego-Chula Vista-Carlsbad, CA;San Diego;1,976;1,642,781;59;0;0;0;PopEst80
San Diego-Chula Vista-Carlsbad, CA;San Diego;1,977;1,715,516;66;0;0;0;PopEst80
San Diego-Chula Vista-Carlsbad, CA;San Diego;1,978;1,775,406;72;0;0;0;PopEst80
San Diego-Chula Vista-Carlsbad, CA;San Diego;1,979;1,827,598;77;0;0;0;PopEst80
San Diego-Chula Vista-Carlsbad, CA;San Diego;1,980;1,861,846;80;0;0;0;DecennialCensus
San Diego-Chula Vista-Carlsbad, CA;San Diego;1,981;1,927,017;87;0;0;0;PopEst90
San Diego-Chula Vista-Carlsbad, CA;San Diego;1,982;1,972,358;91;0;0;0;PopEst90
San Diego-Chula Vista-Carlsbad, CA;San Diego;1,983;2,018,133;95;0;0;0;PopEst90
San Diego-Chula Vista-Carlsbad, CA;San Diego;1,984;2,066,418;100;0;0;0;PopEst90
San Diego-Chula Vista-Carlsbad, CA;San Diego;1,985;2,126,092;106;0;0;0;PopEst90
San Diego-Chula Vista-Carlsbad, CA;San Diego;1,986;2,196,830;113;0;0;0;PopEst90
San Diego-Chula Vista-Carlsbad, CA;San Diego;1,987;2,275,305;120;0;0;0;PopEst90
San Diego-Chula Vista-Carlsbad, CA;San Diego;1,988;2,364,290;129;0;0;0;PopEst90
San Diego-Chula Vista-Carlsbad, CA;San Diego;1,989;2,444,387;137;0;0;0;PopEst90
San Diego-Chula Vista-Carlsbad, CA;San Diego;1,990;2,498,016;142;0;0;0;DecennialCensus
San Diego-Chula Vista-Carlsbad, CA;San Diego;1,991;2,553,122;147;2;0;0;PopEst00
San Diego-Chula Vista-Carlsbad, CA;San Diego;1,992;2,593,126;151;4;0;0;PopEst00
San Diego-Chula Vista-Carlsbad, CA;San Diego;1,993;2,599,776;152;4;0;0;PopEst00
San Diego-Chula Vista-Carlsbad, CA;San Diego;1,994;2,614,685;153;5;0;0;PopEst00
San Diego-Chula Vista-Carlsbad, CA;San Diego;1,995;2,623,697;154;5;0;0;PopEst00
San Diego-Chula Vista-Carlsbad, CA;San Diego;1,996;2,651,549;157;6;0;0;PopEst00
San Diego-Chula Vista-Carlsbad, CA;San Diego;1,997;2,692,600;161;8;0;0;PopEst00
San Diego-Chula Vista-Carlsbad, CA;San Diego;1,998;2,736,720;165;10;0;0;PopEst00
San Diego-Chula Vista-Carlsbad, CA;San Diego;1,999;2,789,593;170;12;0;0;PopEst00
San Diego-Chula Vista-Carlsbad, CA;San Diego;2,000;2,813,833;172;13;0;0;DecennialCensus
San Diego-Chula Vista-Carlsbad, CA;San Diego;2,001;2,869,672;178;15;2;0;PopEst10
San Diego-Chula Vista-Carlsbad, CA;San Diego;2,002;2,900,355;181;16;3;0;PopEst10
San Diego-Chula Vista-Carlsbad, CA;San Diego;2,003;2,914,702;182;17;4;0;PopEst10
San Diego-Chula Vista-Carlsbad, CA;San Diego;2,004;2,930,007;184;17;4;0;PopEst10
San Diego-Chula Vista-Carlsbad, CA;San Diego;2,005;2,938,375;184;18;4;0;PopEst10
San Diego-Chula Vista-Carlsbad, CA;San Diego;2,006;2,947,289;185;18;5;0;PopEst10
San Diego-Chula Vista-Carlsbad, CA;San Diego;2,007;2,975,742;188;19;6;0;PopEst10
San Diego-Chula Vista-Carlsbad, CA;San Diego;2,008;3,022,116;193;21;7;0;PopEst10
San Diego-Chula Vista-Carlsbad, CA;San Diego;2,009;3,061,203;196;23;9;0;PopEst10
San Diego-Chula Vista-Carlsbad, CA;San Diego;2,010;3,095,313;200;24;10;0;DecennialCensus
San Diego-Chula Vista-Carlsbad, CA;San Diego;2,011;3,137,156;204;26;11;1;PopEst20
San Diego-Chula Vista-Carlsbad, CA;San Diego;2,012;3,174,335;207;27;13;3;PopEst20
San Diego-Chula Vista-Carlsbad, CA;San Diego;2,013;3,209,768;211;28;14;4;PopEst20
San Diego-Chula Vista-Carlsbad, CA;San Diego;2,014;3,248,877;215;30;15;5;PopEst20
San Diego-Chula Vista-Carlsbad, CA;San Diego;2,015;3,280,850;218;31;17;6;PopEst20
San Diego-Chula Vista-Carlsbad, CA;San Diego;2,016;3,306,089;220;32;17;7;PopEst20
San Diego-Chula Vista-Carlsbad, CA;San Diego;2,017;3,321,237;222;33;18;7;PopEst20
San Diego-Chula Vista-Carlsbad, CA;San Diego;2,018;3,333,861;223;33;18;8;PopEst20
San Diego-Chula Vista-Carlsbad, CA;San Diego;2,019;3,338,330;223;34;19;8;PopEst20
San Diego-Chula Vista-Carlsbad, CA;San Diego;2,020;3,297,252;219;32;17;7;PopEst21
San Diego-Chula Vista-Carlsbad, CA;San Diego;2,021;3,286,069;218;32;17;6;PopEst21
Seattle-Tacoma-Bellevue, WA;Seattle;1,960;1,428,803;0;0;0;0;DecennialCensus
Seattle-Tacoma-Bellevue, WA;Seattle;1,970;1,832,896;28;0;0;0;DecennialCensus
Seattle-Tacoma-Bellevue, WA;Seattle;1,971;1,835,185;28;0;0;0;PopEst80
Seattle-Tacoma-Bellevue, WA;Seattle;1,972;1,806,085;26;0;0;0;PopEst80
Seattle-Tacoma-Bellevue, WA;Seattle;1,973;1,800,969;26;0;0;0;PopEst80
Seattle-Tacoma-Bellevue, WA;Seattle;1,974;1,833,966;28;0;0;0;PopEst80
Seattle-Tacoma-Bellevue, WA;Seattle;1,975;1,866,267;31;0;0;0;PopEst80
Seattle-Tacoma-Bellevue, WA;Seattle;1,976;1,886,228;32;0;0;0;PopEst80
Seattle-Tacoma-Bellevue, WA;Seattle;1,977;1,916,690;34;0;0;0;PopEst80
Seattle-Tacoma-Bellevue, WA;Seattle;1,978;1,971,115;38;0;0;0;PopEst80
Seattle-Tacoma-Bellevue, WA;Seattle;1,979;2,032,121;42;0;0;0;PopEst80
Seattle-Tacoma-Bellevue, WA;Seattle;1,980;2,093,112;46;0;0;0;DecennialCensus
Seattle-Tacoma-Bellevue, WA;Seattle;1,981;2,151,689;51;0;0;0;PopEst90
Seattle-Tacoma-Bellevue, WA;Seattle;1,982;2,177,909;52;0;0;0;PopEst90
Seattle-Tacoma-Bellevue, WA;Seattle;1,983;2,188,095;53;0;0;0;PopEst90
Seattle-Tacoma-Bellevue, WA;Seattle;1,984;2,216,023;55;0;0;0;PopEst90
Seattle-Tacoma-Bellevue, WA;Seattle;1,985;2,258,022;58;0;0;0;PopEst90
Seattle-Tacoma-Bellevue, WA;Seattle;1,986;2,301,016;61;0;0;0;PopEst90
Seattle-Tacoma-Bellevue, WA;Seattle;1,987;2,356,243;65;0;0;0;PopEst90
Seattle-Tacoma-Bellevue, WA;Seattle;1,988;2,426,400;70;0;0;0;PopEst90
Seattle-Tacoma-Bellevue, WA;Seattle;1,989;2,493,220;74;0;0;0;PopEst90
Seattle-Tacoma-Bellevue, WA;Seattle;1,990;2,559,164;79;0;0;0;DecennialCensus
Seattle-Tacoma-Bellevue, WA;Seattle;1,991;2,630,705;84;3;0;0;PopEst00
Seattle-Tacoma-Bellevue, WA;Seattle;1,992;2,690,858;88;5;0;0;PopEst00
Seattle-Tacoma-Bellevue, WA;Seattle;1,993;2,740,325;92;7;0;0;PopEst00
Seattle-Tacoma-Bellevue, WA;Seattle;1,994;2,774,159;94;8;0;0;PopEst00
Seattle-Tacoma-Bellevue, WA;Seattle;1,995;2,814,630;97;10;0;0;PopEst00
Seattle-Tacoma-Bellevue, WA;Seattle;1,996;2,856,795;100;12;0;0;PopEst00
Seattle-Tacoma-Bellevue, WA;Seattle;1,997;2,918,071;104;14;0;0;PopEst00
Seattle-Tacoma-Bellevue, WA;Seattle;1,998;2,978,761;108;16;0;0;PopEst00
Seattle-Tacoma-Bellevue, WA;Seattle;1,999;3,019,651;111;18;0;0;PopEst00
Seattle-Tacoma-Bellevue, WA;Seattle;2,000;3,043,878;113;19;0;0;DecennialCensus
Seattle-Tacoma-Bellevue, WA;Seattle;2,001;3,092,927;116;21;2;0;PopEst10
Seattle-Tacoma-Bellevue, WA;Seattle;2,002;3,118,302;118;22;2;0;PopEst10
Seattle-Tacoma-Bellevue, WA;Seattle;2,003;3,133,021;119;22;3;0;PopEst10
Seattle-Tacoma-Bellevue, WA;Seattle;2,004;3,158,967;121;23;4;0;PopEst10
Seattle-Tacoma-Bellevue, WA;Seattle;2,005;3,198,265;124;25;5;0;PopEst10
Seattle-Tacoma-Bellevue, WA;Seattle;2,006;3,257,081;128;27;7;0;PopEst10
Seattle-Tacoma-Bellevue, WA;Seattle;2,007;3,304,467;131;29;9;0;PopEst10
Seattle-Tacoma-Bellevue, WA;Seattle;2,008;3,355,042;135;31;10;0;PopEst10
Seattle-Tacoma-Bellevue, WA;Seattle;2,009;3,414,797;139;33;12;0;PopEst10
Seattle-Tacoma-Bellevue, WA;Seattle;2,010;3,439,809;141;34;13;0;DecennialCensus
Seattle-Tacoma-Bellevue, WA;Seattle;2,011;3,503,891;145;37;15;2;PopEst20
Seattle-Tacoma-Bellevue, WA;Seattle;2,012;3,558,829;149;39;17;3;PopEst20
Seattle-Tacoma-Bellevue, WA;Seattle;2,013;3,612,347;153;41;19;5;PopEst20
Seattle-Tacoma-Bellevue, WA;Seattle;2,014;3,675,160;157;44;21;7;PopEst20
Seattle-Tacoma-Bellevue, WA;Seattle;2,015;3,739,654;162;46;23;9;PopEst20
Seattle-Tacoma-Bellevue, WA;Seattle;2,016;3,816,355;167;49;25;11;PopEst20
Seattle-Tacoma-Bellevue, WA;Seattle;2,017;3,885,579;172;52;28;13;PopEst20
Seattle-Tacoma-Bellevue, WA;Seattle;2,018;3,935,179;175;54;29;14;PopEst20
Seattle-Tacoma-Bellevue, WA;Seattle;2,019;3,979,845;179;56;31;16;PopEst20
Seattle-Tacoma-Bellevue, WA;Seattle;2,020;4,024,730;182;57;32;17;PopEst21
Seattle-Tacoma-Bellevue, WA;Seattle;2,021;4,011,553;181;57;32;17;PopEst21
Washington-Arlington-Alexandria, DC-VA-MD-WV;Washington;1,960;2,335,243;0;0;0;0;DecennialCensus
Washington-Arlington-Alexandria, DC-VA-MD-WV;Washington;1,970;3,172,984;36;0;0;0;DecennialCensus
Washington-Arlington-Alexandria, DC-VA-MD-WV;Washington;1,971;3,237,354;39;0;0;0;PopEst80
Washington-Arlington-Alexandria, DC-VA-MD-WV;Washington;1,972;3,307,162;42;0;0;0;PopEst80
Washington-Arlington-Alexandria, DC-VA-MD-WV;Washington;1,973;3,327,218;42;0;0;0;PopEst80
Washington-Arlington-Alexandria, DC-VA-MD-WV;Washington;1,974;3,338,989;43;0;0;0;PopEst80
Washington-Arlington-Alexandria, DC-VA-MD-WV;Washington;1,975;3,364,959;44;0;0;0;PopEst80
Washington-Arlington-Alexandria, DC-VA-MD-WV;Washington;1,976;3,384,185;45;0;0;0;PopEst80
Washington-Arlington-Alexandria, DC-VA-MD-WV;Washington;1,977;3,392,179;45;0;0;0;PopEst80
Washington-Arlington-Alexandria, DC-VA-MD-WV;Washington;1,978;3,421,760;47;0;0;0;PopEst80
Washington-Arlington-Alexandria, DC-VA-MD-WV;Washington;1,979;3,428,911;47;0;0;0;PopEst80
Washington-Arlington-Alexandria, DC-VA-MD-WV;Washington;1,980;3,436,880;47;0;0;0;DecennialCensus
Washington-Arlington-Alexandria, DC-VA-MD-WV;Washington;1,981;3,511,591;50;0;0;0;PopEst90
Washington-Arlington-Alexandria, DC-VA-MD-WV;Washington;1,982;3,553,965;52;0;0;0;PopEst90
Washington-Arlington-Alexandria, DC-VA-MD-WV;Washington;1,983;3,606,464;54;0;0;0;PopEst90
Washington-Arlington-Alexandria, DC-VA-MD-WV;Washington;1,984;3,683,222;58;0;0;0;PopEst90
Washington-Arlington-Alexandria, DC-VA-MD-WV;Washington;1,985;3,763,620;61;0;0;0;PopEst90
Washington-Arlington-Alexandria, DC-VA-MD-WV;Washington;1,986;3,857,438;65;0;0;0;PopEst90
Washington-Arlington-Alexandria, DC-VA-MD-WV;Washington;1,987;3,958,869;70;0;0;0;PopEst90
Washington-Arlington-Alexandria, DC-VA-MD-WV;Washington;1,988;4,057,097;74;0;0;0;PopEst90
Washington-Arlington-Alexandria, DC-VA-MD-WV;Washington;1,989;4,133,237;77;0;0;0;PopEst90
Washington-Arlington-Alexandria, DC-VA-MD-WV;Washington;1,990;4,169,276;79;0;0;0;DecennialCensus
Washington-Arlington-Alexandria, DC-VA-MD-WV;Washington;1,991;4,247,235;82;2;0;0;PopEst00
Washington-Arlington-Alexandria, DC-VA-MD-WV;Washington;1,992;4,312,067;85;3;0;0;PopEst00
Washington-Arlington-Alexandria, DC-VA-MD-WV;Washington;1,993;4,374,165;87;5;0;0;PopEst00
Washington-Arlington-Alexandria, DC-VA-MD-WV;Washington;1,994;4,434,176;90;6;0;0;PopEst00
Washington-Arlington-Alexandria, DC-VA-MD-WV;Washington;1,995;4,488,385;92;8;0;0;PopEst00
Washington-Arlington-Alexandria, DC-VA-MD-WV;Washington;1,996;4,549,151;95;9;0;0;PopEst00
Washington-Arlington-Alexandria, DC-VA-MD-WV;Washington;1,997;4,614,434;98;11;0;0;PopEst00
Washington-Arlington-Alexandria, DC-VA-MD-WV;Washington;1,998;4,684,826;101;12;0;0;PopEst00
Washington-Arlington-Alexandria, DC-VA-MD-WV;Washington;1,999;4,776,083;105;15;0;0;PopEst00
Washington-Arlington-Alexandria, DC-VA-MD-WV;Washington;2,000;4,849,948;108;16;0;0;DecennialCensus
Washington-Arlington-Alexandria, DC-VA-MD-WV;Washington;2,001;4,982,993;113;20;3;0;PopEst10
Washington-Arlington-Alexandria, DC-VA-MD-WV;Washington;2,002;5,068,667;117;22;5;0;PopEst10
Washington-Arlington-Alexandria, DC-VA-MD-WV;Washington;2,003;5,137,498;120;23;6;0;PopEst10
Washington-Arlington-Alexandria, DC-VA-MD-WV;Washington;2,004;5,212,772;123;25;7;0;PopEst10
Washington-Arlington-Alexandria, DC-VA-MD-WV;Washington;2,005;5,286,683;126;27;9;0;PopEst10
Washington-Arlington-Alexandria, DC-VA-MD-WV;Washington;2,006;5,332,180;128;28;10;0;PopEst10
Washington-Arlington-Alexandria, DC-VA-MD-WV;Washington;2,007;5,386,334;131;29;11;0;PopEst10
Washington-Arlington-Alexandria, DC-VA-MD-WV;Washington;2,008;5,458,415;134;31;13;0;PopEst10
Washington-Arlington-Alexandria, DC-VA-MD-WV;Washington;2,009;5,561,253;138;33;15;0;PopEst10
Washington-Arlington-Alexandria, DC-VA-MD-WV;Washington;2,010;5,649,540;142;36;16;0;DecennialCensus
Washington-Arlington-Alexandria, DC-VA-MD-WV;Washington;2,011;5,782,319;148;39;19;2;PopEst20
Washington-Arlington-Alexandria, DC-VA-MD-WV;Washington;2,012;5,878,942;152;41;21;4;PopEst20
Washington-Arlington-Alexandria, DC-VA-MD-WV;Washington;2,013;5,963,312;155;43;23;6;PopEst20
Washington-Arlington-Alexandria, DC-VA-MD-WV;Washington;2,014;6,031,945;158;45;24;7;PopEst20
Washington-Arlington-Alexandria, DC-VA-MD-WV;Washington;2,015;6,093,950;161;46;26;8;PopEst20
Washington-Arlington-Alexandria, DC-VA-MD-WV;Washington;2,016;6,149,301;163;47;27;9;PopEst20
Washington-Arlington-Alexandria, DC-VA-MD-WV;Washington;2,017;6,211,341;166;49;28;10;PopEst20
Washington-Arlington-Alexandria, DC-VA-MD-WV;Washington;2,018;6,247,841;168;50;29;11;PopEst20
Washington-Arlington-Alexandria, DC-VA-MD-WV;Washington;2,019;6,280,487;169;51;29;11;PopEst20
Washington-Arlington-Alexandria, DC-VA-MD-WV;Washington;2,020;6,385,714;173;53;32;13;PopEst21
Washington-Arlington-Alexandria, DC-VA-MD-WV;Washington;2,021;6,356,434;172;52;31;13;PopEst21
